state,kfr_pooled_pooled_p25,kfr_pooled_pooled_p75,fips,county_name,ec_county,ec_high_county
0,0.427177483715711,0.590822926628429,0,National average,0.814464121086812,1.25263633210073
1,0.372330552835821,0.566847905373134,1000,"State average, Alabama",0.595470000606061,1.06677515166667
1,0.36166623,0.57468069,1001,"Autauga, Alabama",0.72077,1.21372
1,0.38884708,0.56552559,1003,"Baldwin, Alabama",0.74313003,1.28302
1,0.34938559,0.56058258,1005,"Barbour, Alabama",0.41365999,0.91896999
1,0.36339074,0.57080209,1007,"Bibb, Alabama",0.63151997,1.06378
1,0.39187884,0.57104212,1009,"Blount, Alabama",0.72561997,1.10569
1,0.34565896,0.52998072,1011,"Bullock, Alabama",0.35515001,0.95595998
1,0.35724857,0.58619118,1013,"Butler, Alabama",0.46026,0.93106002
1,0.36184675,0.55500966,1015,"Calhoun, Alabama",0.60189003,1.04627
1,0.34057492,0.53012669,1017,"Chambers, Alabama",0.49761,0.91306001
1,0.36542159,0.54840899,1019,"Cherokee, Alabama",0.60461003,0.94985002
1,0.38805655,0.56338155,1021,"Chilton, Alabama",0.63505,1.04907
1,0.3969731,0.56743157,1023,"Choctaw, Alabama",0.67873001,1.04441
1,0.38430709,0.57921928,1025,"Clarke, Alabama",0.56535,0.97135001
1,0.40678033,0.58067542,1027,"Clay, Alabama",0.57560998,0.99426001
1,0.4124786,0.59801739,1029,"Cleburne, Alabama",0.69016999,1.03829
1,0.38671088,0.57769346,1031,"Coffee, Alabama",0.68441999,1.19384
1,0.3732456,0.57323307,1033,"Colbert, Alabama",0.64434999,1.12896
1,0.36797199,0.57541531,1035,"Conecuh, Alabama",0.44521999,0.8204
1,0.35266301,0.5453282,1037,"Coosa, Alabama",0.48805001,0.90675998
1,0.4055416,0.63682741,1039,"Covington, Alabama",0.60332,1.03188
1,0.40949893,0.59719294,1041,"Crenshaw, Alabama",0.60762,1.04796
1,0.40455472,2.3792225,1043,"Cullman, Alabama",0.65998,1.08136
1,0.38080323,0.55816543,1045,"Dale, Alabama",0.63924998,1.16705
1,0.33595914,0.54137111,1047,"Dallas, Alabama",0.45451,0.90153003
1,0.39647737,0.57787067,1049,"DeKalb, Alabama",0.59283,0.97513002
1,0.37799388,0.56443429,1051,"Elmore, Alabama",0.69626999,1.16711
1,0.3677946,0.59559512,1053,"Escambia, Alabama",0.46434,0.88358003
1,0.36484614,0.56799001,1055,"Etowah, Alabama",0.59388,1.0541
1,0.40141243,0.62362379,1057,"Fayette, Alabama",0.68558002,1.11631
1,0.40572405,0.59884959,1059,"Franklin, Alabama",0.57484001,0.97758001
1,0.39071053,0.60027987,1061,"Geneva, Alabama",0.58556002,1.0051301
1,0.3280988,0.4878909,1063,"Greene, Alabama",0.458,0.89257997
1,0.35585302,0.56535083,1065,"Hale, Alabama",0.58731002,1.15468
1,0.35838878,0.56548125,1067,"Henry, Alabama",0.60405999,1.05902
1,0.35789412,0.56085885,1069,"Houston, Alabama",0.57523,1.12764
1,0.39407125,0.58203334,1071,"Jackson, Alabama",0.57870001,0.96991003
1,0.34393278,0.55002326,1073,"Jefferson, Alabama",0.59913999,1.35558
1,0.42915851,0.61646241,1075,"Lamar, Alabama",0.71999002,1.11169
1,0.3963314,0.57775289,1077,"Lauderdale, Alabama",0.69683999,1.1968499
1,0.38764086,0.56848735,1079,"Lawrence, Alabama",0.63709003,1.01165
1,0.36433998,0.56189781,1081,"Lee, Alabama",0.72622001,1.31224
1,0.36662039,0.55319273,1083,"Limestone, Alabama",0.70283997,1.25098
1,0.329528,0.52446371,1085,"Lowndes, Alabama",0.41341001,0.94134003
1,0.3151837,0.47570068,1087,"Macon, Alabama",0.45666999,0.94809997
1,0.36340868,0.55121559,1089,"Madison, Alabama",0.74789,1.33155
1,0.37045205,0.5772683,1091,"Marengo, Alabama",0.57516998,1.08999
1,0.39463562,0.58897042,1093,"Marion, Alabama",0.64333999,1.0683399
1,0.38712749,0.57254231,1095,"Marshall, Alabama",0.56095999,1.05256
1,0.35896039,0.56304896,1097,"Mobile, Alabama",0.56962001,1.15688
1,0.36833104,0.56951386,1099,"Monroe, Alabama",0.47554001,0.98108
1,0.32733279,0.5484224,1101,"Montgomery, Alabama",0.49068999,1.11755
1,0.36942601,0.55040759,1103,"Morgan, Alabama",0.61510003,1.13327
1,0.33660656,0.56934536,1105,"Perry, Alabama",,
1,0.36965418,0.60871708,1107,"Pickens, Alabama",0.62550998,1.10858
1,0.36580148,0.58647507,1109,"Pike, Alabama",0.59630001,1.14779
1,0.37275833,0.55965042,1111,"Randolph, Alabama",0.55489999,0.94848001
1,0.331193,0.50683576,1113,"Russell, Alabama",0.56879997,1.01088
1,0.39964822,0.55557328,1115,"St. Clair, Alabama",0.78175998,1.18944
1,0.41377839,0.57818031,1117,"Shelby, Alabama",0.82049,1.37665
1,0.34428778,0.50349522,1119,"Sumter, Alabama",0.54794002,1.12229
1,0.35622436,0.55482185,1121,"Talladega, Alabama",0.52474999,0.97731
1,0.3650265,0.58473849,1123,"Tallapoosa, Alabama",0.51406997,1.05039
1,0.35644168,0.55680418,1125,"Tuscaloosa, Alabama",0.64775002,1.23939
1,0.37566268,0.55206162,1127,"Walker, Alabama",0.64082003,1.06065
1,0.41849449,0.5957486,1129,"Washington, Alabama",0.70414001,1.05941
1,0.3492828,0.57216722,1131,"Wilcox, Alabama",0.42162001,0.96622002
1,0.38814789,0.59305483,1133,"Winston, Alabama",0.59921002,0.94875997
2,0.343465325517241,0.464646522068966,2000,"State average, Alaska",0.988170389615385,1.27181884230769
2,0.34843248,0.38571924,2013,"Aleutians East, Alaska",0.91415,1.1502399
2,0.34952685,0.46880352,2016,"Aleutians West, Alaska",0.83311999,1.14247
2,0.39022613,0.51729953,2020,"Anchorage, Alaska",1.02472,1.38776
2,0.24522647,0.35535818,2050,"Bethel, Alaska",0.76327002,1.0370899
2,0.30094439,0.35852498,2060,"Bristol Bay, Alaska",,
2,0.31032866,0.56859523,2068,"Denali, Alaska",1.16948,1.44254
2,0.30598083,0.48680943,2070,"Dillingham, Alaska",0.90030998,1.18785
2,0.39939216,0.51243752,2090,"Fairbanks North Star, Alaska",1.09859,1.33938
2,0.4371523,0.58729035,2100,"Haines, Alaska",1.1621799,1.42883
2,0.23737538,0.49423927,2105,"Hoonah-Angoon, Alaska",1.04737,1.26194
2,0.37157425,0.51505297,2110,"Juneau, Alaska",1.1094,1.44396
2,0.41978163,0.51474333,2122,"Kenai Peninsula, Alaska",1.03391,1.35446
2,-0.0775312,0.49583873,2130,"Ketchikan Gateway, Alaska",0.98493999,1.2909
2,0.43025735,0.46394512,2150,"Kodiak Island, Alaska",1.06233,1.37884
2,0.2158971,0.27309239,2158,"Wade Hampton, Alaska",0.64175999,0.85314
2,0.30806768,0.38330567,2164,"Lake and Peninsula, Alaska",,
2,0.39588046,0.4883869,2170,"Matanuska-Susitna, Alaska",1.09532,1.36194
2,0.24851827,0.44755268,2180,"Nome, Alaska",0.83958,1.22787
2,0.28824368,0.38746586,2185,"North Slope, Alaska",1.08719,1.2475899
2,0.24227615,0.37888306,2188,"Northwest Arctic, Alaska",0.83544999,1.1256
2,0.44674322,0.48706123,2195,"Petersburg, Alaska",1.04632,1.33395
2,0.2986097,0.47330433,2198,"Prince of Wales-Hyder, Alaska",0.86852002,1.13743
2,0.41343737,0.46010202,2220,"Sitka, Alaska",1.1381,1.41057
2,0.51409113,0.60647953,2230,"Skagway, Alaska",1.1267101,1.43251
2,0.42866734,0.48227262,2240,"Southeast Fairbanks, Alaska",0.99532002,1.25227
2,0.3969363,0.50141752,2261,"Valdez-Cordova, Alaska",1.0594701,1.3605601
2,0.38835242,0.47123542,2275,"Wrangell, Alaska",1.06294,1.33237
2,0.27879399,0.44585186,2290,"Yukon-Koyukuk, Alaska",0.79198003,1.1452301
4,0.394139249333333,0.546727372,4000,"State average, Arizona",0.691928001333333,1.18112866533333
4,0.33915681,0.46284851,4001,"Apache, Arizona",0.48368001,1.05762
4,0.41243395,0.55870807,4003,"Cochise, Arizona",0.79714,1.2058901
4,0.40403309,0.55523813,4005,"Coconino, Arizona",0.75237,1.34867
4,0.39617312,0.55701178,4007,"Gila, Arizona",0.61997002,1.08929
4,0.4117319,0.58011138,4009,"Graham, Arizona",0.68656999,1.21707
4,0.44606653,0.59727049,4011,"Greenlee, Arizona",0.81149,1.10059
4,0.37949997,0.52848154,4012,"La Paz, Arizona",0.61006999,1.08753
4,0.39858052,0.5531649,4013,"Maricopa, Arizona",0.74400002,1.3991899
4,0.39757812,0.54264766,4015,"Mohave, Arizona",0.77204001,1.14623
4,0.37639859,0.54127431,4017,"Navajo, Arizona",0.57981002,1.14608
4,0.38399237,0.5427826,4019,"Pima, Arizona",0.71572,1.31784
4,0.36687279,0.52574033,4021,"Pinal, Arizona",0.77478999,1.23835
4,0.38348687,0.55012977,4023,"Santa Cruz, Arizona",0.52688998,0.99980998
4,0.4318611,0.55463278,4025,"Yavapai, Arizona",0.84227997,1.28281
4,0.38422301,0.55086833,4027,"Yuma, Arizona",0.66210002,1.07996
5,0.3912610076,0.574292364533333,5000,"State average, Arkansas",0.689512264533333,0.9895542692
5,0.35955381,0.5730471,5001,"Arkansas, Arkansas",0.61054999,0.99048001
5,0.37255526,0.57005924,5003,"Ashley, Arkansas",0.68015999,0.94155002
5,0.41312975,0.57500184,5005,"Baxter, Arkansas",0.78823,1.05081
5,0.42820385,0.58027971,5007,"Benton, Arkansas",0.84904999,1.3865
5,0.41718379,0.59848464,5009,"Boone, Arkansas",0.76545,1.01561
5,0.36967647,0.59717667,5011,"Bradley, Arkansas",0.60974002,0.91320997
5,0.41484836,0.59984767,5013,"Calhoun, Arkansas",0.69174999,0.94217002
5,0.43037787,0.54531807,5015,"Carroll, Arkansas",0.71524,1.00684
5,0.34589764,0.57708609,5017,"Chicot, Arkansas",0.56199002,0.94441998
5,0.39639875,0.59966189,5019,"Clark, Arkansas",0.71052998,1.03105
5,0.40700525,0.57024086,5021,"Clay, Arkansas",0.74431998,0.95569003
5,0.41772431,0.58349347,5023,"Cleburne, Arkansas",0.77938998,1.05871
5,0.43524539,0.57828206,5025,"Cleveland, Arkansas",0.75866997,0.95835
5,0.36223033,0.5988695,5027,"Columbia, Arkansas",0.64563,1.01647
5,0.40632898,0.61012876,5029,"Conway, Arkansas",0.70840001,1.017
5,0.39591953,0.56580985,5031,"Craighead, Arkansas",0.72960001,1.11104
5,0.38996616,0.55780059,5033,"Crawford, Arkansas",0.76648998,1.06961
5,0.33124423,0.55033058,5035,"Crittenden, Arkansas",0.56164002,0.91145998
5,0.3735705,0.56027311,5037,"Cross, Arkansas",0.68954998,1.00668
5,0.37491551,0.60148215,5039,"Dallas, Arkansas",0.57362998,0.84039998
5,0.36001599,0.55647153,5041,"Desha, Arkansas",0.56584001,0.92456001
5,0.36812791,0.58107525,5043,"Drew, Arkansas",0.71228999,1.00713
5,0.40832007,0.5797435,5045,"Faulkner, Arkansas",0.83756,1.24049
5,0.41591936,0.58835101,5047,"Franklin, Arkansas",0.75325,1.02396
5,0.41703022,0.54832572,5049,"Fulton, Arkansas",0.73201001,0.93295002
5,0.37727845,0.57141823,5051,"Garland, Arkansas",0.70425999,1.04039
5,0.41122073,0.5897193,5053,"Grant, Arkansas",0.82261002,1.06117
5,0.39618325,0.57754344,5055,"Greene, Arkansas",0.74122,1.04009
5,0.35957634,0.56839812,5057,"Hempstead, Arkansas",0.57415003,0.87011999
5,0.37737459,0.5781405,5059,"Hot Spring, Arkansas",0.68937999,0.94747001
5,0.39111823,0.58400291,5061,"Howard, Arkansas",0.62585002,0.92501998
5,0.40738338,0.58490431,5063,"Independence, Arkansas",0.72654998,1.02756
5,0.39725721,0.58067,5065,"Izard, Arkansas",0.73961002,0.96292001
5,0.36290771,0.58157122,5067,"Jackson, Arkansas",0.64454001,0.91491997
5,0.33640218,0.53562033,5069,"Jefferson, Arkansas",0.57021999,0.85004002
5,0.40672851,0.5803619,5071,"Johnson, Arkansas",0.63472998,0.95682001
5,0.35205176,0.61569071,5073,"Lafayette, Arkansas",0.64393997,0.92433
5,0.39864597,0.58271778,5075,"Lawrence, Arkansas",0.72068,0.99085999
5,0.35436222,0.57262123,5077,"Lee, Arkansas",0.52933002,0.85029
5,0.3787449,0.587107,5079,"Lincoln, Arkansas",0.65166003,0.92111999
5,0.39364776,0.53995913,5081,"Little River, Arkansas",0.71503001,0.94599003
5,0.39898005,0.60917598,5083,"Logan, Arkansas",0.72668999,0.96354002
5,0.38053194,0.56426823,5085,"Lonoke, Arkansas",0.84548002,1.15728
5,0.43956083,0.60216153,5087,"Madison, Arkansas",0.79619998,1.0660501
5,0.40492791,0.55296874,5089,"Marion, Arkansas",0.71357,1.00307
5,0.37120056,0.55988413,5091,"Miller, Arkansas",0.64515001,0.9181
5,0.34071478,0.56328416,5093,"Mississippi, Arkansas",0.57393003,0.88981003
5,0.37839964,0.59266263,5095,"Monroe, Arkansas",0.55575001,0.87870997
5,0.41945341,0.52614552,5097,"Montgomery, Arkansas",0.69204998,0.95297998
5,0.37468189,0.57934028,5099,"Nevada, Arkansas",0.61993998,0.83585
5,0.4344652,0.56337482,5101,"Newton, Arkansas",0.76115,0.95034999
5,2.0820037,0.55986047,5103,"Ouachita, Arkansas",0.63314998,0.95936
5,0.41772452,0.5820868,5105,"Perry, Arkansas",0.77210999,1.0637701
5,0.32216185,0.51681429,5107,"Phillips, Arkansas",0.49533999,0.83274001
5,0.41889343,0.62432003,5109,"Pike, Arkansas",0.66134,0.92654002
5,0.36081532,0.56524152,5111,"Poinsett, Arkansas",0.64930999,0.93336999
5,0.42600602,0.58190316,5113,"Polk, Arkansas",0.69538999,0.94331998
5,0.40715635,0.57567436,5115,"Pope, Arkansas",0.74772,1.07047
5,0.41591874,0.54695058,5117,"Prairie, Arkansas",0.70025998,0.99138999
5,0.34691188,0.54877329,5119,"Pulaski, Arkansas",0.68171,1.22148
5,0.41706014,0.59183472,5121,"Randolph, Arkansas",0.72465003,0.95175999
5,0.3393988,0.52074403,5123,"St. Francis, Arkansas",0.53117001,0.83639002
5,0.38589579,0.56349903,5125,"Saline, Arkansas",0.79585999,1.17575
5,0.41697285,0.5414409,5127,"Scott, Arkansas",0.65103,0.91873997
5,0.4302806,0.59823138,5129,"Searcy, Arkansas",0.70889002,0.95498002
5,0.38598964,0.57264924,5131,"Sebastian, Arkansas",0.73863,1.11981
5,0.41784802,0.60232699,5133,"Sevier, Arkansas",0.62248999,0.86552
5,0.41550666,0.53038335,5135,"Sharp, Arkansas",0.70662999,0.96810001
5,0.43088451,0.56881541,5137,"Stone, Arkansas",0.71987998,0.98632002
5,0.35887739,0.57851887,5139,"Union, Arkansas",0.68690997,1.01439
5,0.42880493,0.59827989,5141,"Van Buren, Arkansas",0.71042001,0.99912
5,0.40926707,0.58868754,5143,"Washington, Arkansas",0.80754,1.33539
5,0.42487273,0.59126586,5145,"White, Arkansas",0.79613,1.11584
5,0.35425344,0.59054273,5147,"Woodruff, Arkansas",0.64192998,0.94415998
5,0.39004129,0.54272991,5149,"Yell, Arkansas",0.63029999,0.94586998
6,0.429715463448276,0.569801905,6000,"State average, California",0.807316488947368,1.33718508421053
6,0.4454354,0.58291554,6001,"Alameda, California",0.91564,1.59354
6,0.35494533,0.54102969,6003,"Alpine, California",,
6,0.46767178,0.57016456,6005,"Amador, California",0.92817998,1.29491
6,0.4174532,0.56688011,6007,"Butte, California",0.80008,1.29895
6,0.43895984,0.54988515,6009,"Calaveras, California",0.92421001,1.31592
6,0.43434104,0.6022085,6011,"Colusa, California",0.58380002,1.09368
6,0.43915075,0.58523613,6013,"Contra Costa, California",0.88687998,1.53633
6,0.39385891,0.51936036,6015,"Del Norte, California",0.63748002,1.05612
6,0.46889934,0.58054692,6017,"El Dorado, California",1.01846,1.49199
6,0.39173633,0.56445307,6019,"Fresno, California",0.57849997,1.19607
6,0.407442,0.57303113,6021,"Glenn, California",0.63274997,1.10436
6,0.40055817,0.55177826,6023,"Humboldt, California",0.81883001,1.1390001
6,0.36645997,0.55503798,6025,"Imperial, California",0.73171002,1.08608
6,0.45439193,0.59505361,6027,"Inyo, California",0.79105997,1.37174
6,0.42490715,0.57460868,6029,"Kern, California",0.6207,1.17506
6,0.39569581,0.55364412,6031,"Kings, California",0.61815,1.16688
6,0.42103842,0.54714525,6033,"Lake, California",0.65311998,1.12774
6,0.42902815,0.57695186,6035,"Lassen, California",0.81195998,1.15399
6,0.43123019,0.55503678,6037,"Los Angeles, California",0.73580003,1.51421
6,0.39287484,0.55686182,6039,"Madera, California",0.56068999,1.12866
6,0.47873285,0.60280478,6041,"Marin, California",0.81247997,1.65818
6,0.46297544,0.55258805,6043,"Mariposa, California",0.95354998,1.4025199
6,0.39904401,0.54129499,6045,"Mendocino, California",0.69420999,1.22495
6,0.40979525,0.55231059,6047,"Merced, California",0.63156003,1.11006
6,0.44629347,0.62914389,6049,"Modoc, California",0.66933,1.15229
6,0.43463239,0.63460708,6051,"Mono, California",0.9637,1.5340101
6,0.40575898,0.55421764,6053,"Monterey, California",0.61296999,1.32928
6,0.43577325,0.57874703,6055,"Napa, California",0.80387002,1.49658
6,0.45311219,0.56103224,6057,"Nevada, California",1.01335,1.5107501
6,0.46124375,0.58136308,6059,"Orange, California",0.85553998,1.5257
6,0.46106142,0.58100498,6061,"Placer, California",1.0711,1.506
6,0.43394718,0.55308527,6063,"Plumas, California",0.89507997,1.28089
6,0.4091011,0.53978652,6065,"Riverside, California",0.74834001,1.3152699
6,0.42372814,0.55795264,6067,"Sacramento, California",0.81634998,1.40238
6,0.41333178,0.54864794,6069,"San Benito, California",0.82344002,1.3744299
6,0.41319978,0.54432499,6071,"San Bernardino, California",0.73532999,1.25359
6,0.42578506,0.56923056,6073,"San Diego, California",0.90846002,1.49221
6,0.50388849,0.60762125,6075,"San Francisco, California",1.31244,1.71507
6,0.4109748,0.55713648,6077,"San Joaquin, California",0.72867,1.31733
6,0.44881001,0.57322663,6079,"San Luis Obispo, California",0.93507999,1.5106
6,0.47538444,0.6107105,6081,"San Mateo, California",1.16289,1.6349
6,0.43162468,0.56614482,6083,"Santa Barbara, California",0.72433001,1.46104
6,0.47475955,0.59532827,6085,"Santa Clara, California",1.15832,1.59632
6,0.41556695,0.55925018,6087,"Santa Cruz, California",0.81641001,1.5647
6,0.42409173,0.5665766,6089,"Shasta, California",0.79174,1.2743
6,0.45638773,0.5597502,6091,"Sierra, California",1.03074,1.38345
6,0.44827986,0.58870411,6093,"Siskiyou, California",0.74171001,1.2178299
6,0.42531589,0.56061792,6095,"Solano, California",0.87462997,1.3875
6,0.4450615,0.57877809,6097,"Sonoma, California",0.86228001,1.45605
6,0.41757643,0.55765837,6099,"Stanislaus, California",0.74586999,1.2558399
6,0.43230522,0.5841943,6101,"Sutter, California",0.71074998,1.18925
6,0.41335842,0.56363916,6103,"Tehama, California",0.64851999,1.09175
6,0.4283205,0.56505787,6105,"Trinity, California",0.73521,1.19478
6,0.40219763,0.5696038,6107,"Tulare, California",0.54176003,1.09995
6,0.44813046,0.57949519,6109,"Tuolumne, California",0.9109,1.3048
6,0.42867219,0.56865728,6111,"Ventura, California",0.78140998,1.47826
6,0.43536642,0.58547282,6113,"Yolo, California",0.81755,1.48822
6,0.41382939,0.56691486,6115,"Yuba, California",0.72917002,1.18329
8,0.46070075640625,0.5916560759375,8000,"State average, Colorado",0.95172585862069,1.40138292931034
8,0.40674448,0.56069374,8001,"Adams, Colorado",0.81186002,1.40975
8,0.40989545,0.59271777,8003,"Alamosa, Colorado",0.73189002,1.24898
8,0.44163319,0.5915181,8005,"Arapahoe, Colorado",0.83072001,1.4582601
8,0.45483515,3.4954077,8007,"Archuleta, Colorado",0.93331999,1.41012
8,0.51706058,0.61198568,8009,"Baca, Colorado",0.88227999,1.23456
8,0.38204563,0.57375777,8011,"Bent, Colorado",0.65877998,1.14546
8,0.44868073,0.57925403,8013,"Boulder, Colorado",1.1075,1.62755
8,0.4738498,0.5943858,8014,"Broomfield, Colorado",1.1688499,1.57539
8,0.46554208,0.60253817,8015,"Chaffee, Colorado",1.09936,1.52696
8,0.58097589,0.57304823,8017,"Cheyenne, Colorado",1.04763,1.38176
8,0.5012961,0.58567864,8019,"Clear Creek, Colorado",1.0602601,1.4774899
8,0.49919999,0.61654192,8021,"Conejos, Colorado",0.75433999,1.2043999
8,0.38670185,0.49224061,8023,"Costilla, Colorado",,
8,0.40648493,0.63062912,8025,"Crowley, Colorado",0.75880998,1.11947
8,0.48927975,0.54237264,8027,"Custer, Colorado",1.0331399,1.3447
8,0.469383,0.61465484,8029,"Delta, Colorado",0.87716001,1.28578
8,0.3797124,0.5435456,8031,"Denver, Colorado",0.90732002,1.6238101
8,0.47992218,0.61542141,8033,"Dolores, Colorado",0.94189,1.34582
8,0.48243368,0.59956604,8035,"Douglas, Colorado",1.3532701,1.6129301
8,0.45891118,0.57497287,8037,"Eagle, Colorado",0.87858999,1.5617599
8,0.48969987,0.57103312,8039,"Elbert, Colorado",1.15659,1.5168999
8,0.41038227,0.56008703,8041,"El Paso, Colorado",0.96052998,1.39002
8,0.43079603,0.56511986,8043,"Fremont, Colorado",0.87696999,1.25605
8,0.46674812,0.58575433,8045,"Garfield, Colorado",0.80632001,1.41557
8,0.44016194,0.5531283,8047,"Gilpin, Colorado",1.07927,1.48406
8,0.50747639,0.52991891,8049,"Grand, Colorado",1.10788,1.51206
8,0.48710701,0.6190061,8051,"Gunnison, Colorado",1.24836,1.57763
8,0.39785537,0.58168811,8055,"Huerfano, Colorado",0.78763002,1.23163
8,0.5464769,0.62204695,8057,"Jackson, Colorado",,
8,0.45357713,0.58885032,8059,"Jefferson, Colorado",1.11146,1.57129
8,0.51521695,0.62456989,8061,"Kiowa, Colorado",,
8,0.51277345,0.65194213,8063,"Kit Carson, Colorado",0.95122999,1.3733799
8,0.40600955,0.55899537,8065,"Lake, Colorado",0.88313001,1.4435101
8,0.48602137,0.58324969,8067,"La Plata, Colorado",1.04206,1.50253
8,0.45867237,0.58835393,8069,"Larimer, Colorado",1.123,1.56264
8,0.451882,0.56793243,8071,"Las Animas, Colorado",0.76256001,1.16049
8,0.46279272,0.64117742,8073,"Lincoln, Colorado",0.96450001,1.35095
8,0.47186178,0.6471498,8075,"Logan, Colorado",0.96489,1.37925
8,0.4522244,0.58809304,8077,"Mesa, Colorado",0.91115999,1.34929
8,0.46070582,0.59480733,8081,"Moffat, Colorado",0.88957,1.28009
8,0.42987108,0.57282698,8083,"Montezuma, Colorado",0.74285001,1.28334
8,0.43678197,0.57784557,8085,"Montrose, Colorado",0.82997,1.3192199
8,0.45381156,0.63103575,8087,"Morgan, Colorado",0.81336999,1.2975301
8,0.42360386,0.59255219,8089,"Otero, Colorado",0.71502,1.1745501
8,0.55626214,0.58370107,8091,"Ouray, Colorado",1.2136199,1.58208
8,0.46367955,0.56003815,8093,"Park, Colorado",1.15571,1.51992
8,0.49150434,-0.0682093,8095,"Phillips, Colorado",0.84065998,1.3868099
8,0.45833528,0.57086855,8097,"Pitkin, Colorado",1.2436399,1.67658
8,0.43874875,0.59457183,8099,"Prowers, Colorado",0.73517001,1.19997
8,0.38340402,0.56220275,8101,"Pueblo, Colorado",0.73233002,1.13386
8,0.50190043,0.67994565,8103,"Rio Blanco, Colorado",1.01608,1.33719
8,0.41259763,0.59048849,8105,"Rio Grande, Colorado",0.76765001,1.27119
8,0.49743322,0.61187154,8107,"Routt, Colorado",1.16202,1.60449
8,0.43400729,0.59235662,8109,"Saguache, Colorado",0.76845998,1.27824
8,0.47306028,0.71491635,8111,"San Juan, Colorado",,
8,0.5124836,0.60718882,8113,"San Miguel, Colorado",1.2128,1.60798
8,0.50416535,0.65753126,8115,"Sedgwick, Colorado",0.97241998,1.37503
8,0.51823843,0.58713841,8117,"Summit, Colorado",1.00858,1.59058
8,0.44341394,0.56694865,8119,"Teller, Colorado",1.04694,1.4160399
8,0.50372368,0.61274207,8121,"Washington, Colorado",1.06846,1.42539
8,0.42962784,0.59867239,8123,"Weld, Colorado",0.87436998,1.44752
8,0.51131254,0.6783253,8125,"Yuma, Colorado",0.81590003,1.4004101
9,0.42726456125,0.59565349625,9000,"State average, Connecticut",0.9486925025,1.53356
9,0.43153313,0.60456848,9001,"Fairfield, Connecticut",0.70120001,1.5994101
9,0.41020817,0.59926689,9003,"Hartford, Connecticut",0.77675003,1.52434
9,0.44172055,0.60099715,9005,"Litchfield, Connecticut",1.08725,1.55814
9,0.44725719,0.60273927,9007,"Middlesex, Connecticut",1.1066999,1.59001
9,0.41662863,0.59462267,9009,"New Haven, Connecticut",0.79593003,1.51895
9,0.4089697,0.57809353,9011,"New London, Connecticut",0.98711002,1.4703799
9,0.45716244,0.61153769,9013,"Tolland, Connecticut",1.17711,1.59728
9,0.40463668,0.57340229,9015,"Windham, Connecticut",0.95749003,1.40997
10,0.37555003,0.569397886666667,10000,"State average, Delaware",0.78161331,1.31329996666667
10,0.38084885,0.56796497,10001,"Kent, Delaware",0.79290998,1.23592
10,0.364562,0.5665313,10003,"New Castle, Delaware",0.83468997,1.42742
10,0.38123924,0.57369739,10005,"Sussex, Delaware",0.71723998,1.2765599
11,0.34881705,0.51419818,11000,"State average, District of Columbia",0.99615997,1.57856
11,0.34881705,0.51419818,11001,"District of Columbia, District of Columbia",0.99615997,1.57856
12,0.379140769701493,0.544110616865672,12000,"State average, Florida",0.664965222835821,1.16279805522388
12,0.37195468,0.55687994,12001,"Alachua, Florida",0.81159002,1.39305
12,0.37410435,0.55173564,12003,"Baker, Florida",0.66503,1.08509
12,0.38076016,0.54637617,12005,"Bay, Florida",0.70344001,1.21644
12,0.35476565,0.54015774,12007,"Bradford, Florida",0.61645001,1.02536
12,0.38699719,0.5377304,12009,"Brevard, Florida",0.78833997,1.29075
12,0.39492157,0.55022568,12011,"Broward, Florida",0.75189,1.34356
12,0.36535478,0.56678593,12013,"Calhoun, Florida",0.58503997,0.97062999
12,0.4138647,0.54725057,12015,"Charlotte, Florida",0.77934003,1.2286299
12,0.39459139,0.53611261,12017,"Citrus, Florida",0.69256002,1.072
12,0.38812372,0.54012126,12019,"Clay, Florida",0.79848999,1.2304
12,0.41089547,0.55642551,12021,"Collier, Florida",0.65601999,1.33907
12,0.35454869,0.53528214,12023,"Columbia, Florida",0.58517998,1.00112
12,0.35680911,0.5339368,12027,"DeSoto, Florida",0.42908001,0.91399002
12,0.35048658,0.52209085,12029,"Dixie, Florida",0.51828998,0.86501002
12,0.34949052,0.53108019,12031,"Duval, Florida",0.67084002,1.27853
12,0.36745942,0.5400883,12033,"Escambia, Florida",0.68265998,1.25748
12,0.41597086,0.5326997,12035,"Flagler, Florida",0.82933998,1.22442
12,0.33930191,0.4791967,12037,"Franklin, Florida",0.57659,1.03763
12,0.30693579,0.5053761,12039,"Gadsden, Florida",0.41552001,0.97623998
12,0.38361052,0.53314698,12041,"Gilchrist, Florida",0.62075001,1.00574
12,0.43561956,0.61137605,12043,"Glades, Florida",0.50062001,0.95643997
12,0.34612128,0.5362801,12045,"Gulf, Florida",0.66769999,1.16
12,0.37324214,0.5386343,12047,"Hamilton, Florida",0.48493999,0.90658998
12,0.39809197,0.56695318,12049,"Hardee, Florida",0.45475999,1.00467
12,0.35903201,0.52393115,12051,"Hendry, Florida",0.43957999,0.92891002
12,0.39272451,0.52522498,12053,"Hernando, Florida",0.73304999,1.11549
12,0.3806411,0.53862935,12055,"Highlands, Florida",0.60219997,1.0338
12,0.37248695,0.5487473,12057,"Hillsborough, Florida",0.67980999,1.32757
12,0.39643642,0.5844934,12059,"Holmes, Florida",0.59316999,0.95639002
12,0.37981397,0.54183638,12061,"Indian River, Florida",0.70945001,1.278
12,0.37096369,0.55249125,12063,"Jackson, Florida",0.55905998,0.99044001
12,0.35019913,0.54069805,12065,"Jefferson, Florida",0.61988997,1.25611
12,0.42304373,0.59459096,12067,"Lafayette, Florida",0.56705999,0.96155
12,0.37429526,0.53385377,12069,"Lake, Florida",0.73413002,1.24716
12,0.38689688,0.55154121,12071,"Lee, Florida",0.67043,1.26503
12,0.36272386,0.54973418,12073,"Leon, Florida",0.75659001,1.35253
12,0.37300131,0.53982162,12075,"Levy, Florida",0.60833001,1.0633399
12,0.37013546,0.61337215,12077,"Liberty, Florida",0.62063003,1.02698
12,0.33824599,0.55071974,12079,"Madison, Florida",0.49355999,1.0115499
12,0.36720231,0.54141384,12081,"Manatee, Florida",0.66821998,1.3313
12,0.37483612,0.54146624,12083,"Marion, Florida",0.62976998,1.11139
12,0.4137814,0.56208152,12085,"Martin, Florida",0.78965002,1.37323
12,0.40987024,0.55367124,12086,"Miami-Dade, Florida",0.58605999,1.3271199
12,0.42227647,0.53355044,12087,"Monroe, Florida",0.78771001,1.3287801
12,0.37142292,0.53995943,12089,"Nassau, Florida",0.85834002,1.29924
12,0.39775303,0.54986459,12091,"Okaloosa, Florida",0.83223999,1.30388
12,0.36493546,0.53986067,12093,"Okeechobee, Florida",0.50796998,0.94537997
12,0.37686664,0.53704953,12095,"Orange, Florida",0.74878001,1.34059
12,0.39356777,0.52374959,12097,"Osceola, Florida",0.73128003,1.15826
12,0.38884383,0.54793185,12099,"Palm Beach, Florida",0.68330997,1.3989
12,0.38149172,0.53922278,12101,"Pasco, Florida",0.76490003,1.27438
12,0.38062713,0.54589581,12103,"Pinellas, Florida",0.78494,1.37985
12,0.36624971,0.54496425,12105,"Polk, Florida",0.61522001,1.1340899
12,0.35269606,0.5157584,12107,"Putnam, Florida",0.49083999,0.97245002
12,0.39194059,0.55641252,12109,"St. Johns, Florida",0.97408003,1.47067
12,0.36854619,0.52237231,12111,"St. Lucie, Florida",0.66801,1.15508
12,0.39503312,0.55135757,12113,"Santa Rosa, Florida",0.86142999,1.30284
12,0.40280822,-0.0181308,12115,"Sarasota, Florida",0.81924999,1.3497601
12,0.41525102,0.5633592,12117,"Seminole, Florida",0.84119999,1.35168
12,0.36445725,0.5376631,12119,"Sumter, Florida",0.66283,1.22109
12,0.38748422,0.53883773,12121,"Suwannee, Florida",0.56638998,1.02194
12,0.3646208,0.52436417,12123,"Taylor, Florida",0.53534001,0.94334
12,0.36936569,0.55309963,12125,"Union, Florida",0.64183003,1.03301
12,0.38216206,0.53587502,12127,"Volusia, Florida",0.72371,1.2061
12,0.38506991,0.52930957,12129,"Wakulla, Florida",0.75171,1.1801701
12,0.38342035,0.53277004,12131,"Walton, Florida",0.75123,1.3750499
12,0.38518906,0.54805917,12133,"Washington, Florida",0.60503,1.02021
13,0.360726584591195,0.546560473773585,13000,"State average, Georgia",0.607235743783784,1.09652905378378
13,0.37376833,0.57358396,13001,"Appling, Georgia",0.50406998,0.94936001
13,0.37468207,0.49550328,13003,"Atkinson, Georgia",0.44181001,0.83257997
13,0.36685267,0.56925052,13005,"Bacon, Georgia",0.46742001,0.92497998
13,0.32751971,0.51985395,13007,"Baker, Georgia",,
13,0.3288132,0.53583002,13009,"Baldwin, Georgia",0.51651001,1.14465
13,0.38752827,0.57441437,13011,"Banks, Georgia",0.73139,1.1649801
13,0.38124853,0.54229796,13013,"Barrow, Georgia",0.77371001,1.23599
13,0.36736608,0.53517145,13015,"Bartow, Georgia",0.73395997,1.21364
13,0.36474583,0.55829102,13017,"Ben Hill, Georgia",0.42513999,0.90131998
13,0.37655136,0.53793383,13019,"Berrien, Georgia",0.57459998,1.0258501
13,0.32279578,0.52598238,13021,"Bibb, Georgia",0.48056999,1.14647
13,0.3481538,0.56522989,13023,"Bleckley, Georgia",0.56774998,1.07205
13,0.37438467,0.55251104,13025,"Brantley, Georgia",0.55225003,0.93462002
13,0.35023898,0.54251969,13027,"Brooks, Georgia",0.46237001,1.0161099
13,0.38946643,0.55469704,13029,"Bryan, Georgia",0.84745002,1.32638
13,0.35509628,0.56849724,13031,"Bulloch, Georgia",0.67528999,1.1985101
13,0.35399163,0.57180643,13033,"Burke, Georgia",0.49522001,1.07302
13,0.35340184,0.53900665,13035,"Butts, Georgia",0.68724,1.0929
13,0.33009776,0.54806578,13037,"Calhoun, Georgia",,
13,0.3872731,0.54149085,13039,"Camden, Georgia",0.81356001,1.21663
13,0.34475386,-0.0390864,13043,"Candler, Georgia",0.54737997,1.05416
13,0.37341574,0.56081593,13045,"Carroll, Georgia",0.70406002,1.18203
13,0.38794801,0.54718202,13047,"Catoosa, Georgia",0.77608001,1.1982501
13,0.39031464,0.55137968,13049,"Charlton, Georgia",0.59315997,0.96447998
13,0.34380978,0.52869982,13051,"Chatham, Georgia",0.66373003,1.30003
13,0.35445163,0.55550581,13053,"Chattahoochee, Georgia",0.95985001,1.29968
13,0.36703864,0.53060162,13055,"Chattooga, Georgia",0.51730001,0.93760997
13,0.42413217,0.55806857,13057,"Cherokee, Georgia",0.96524,1.4432
13,0.34213948,0.54987025,13059,"Clarke, Georgia",0.74735999,1.4427299
13,0.32996228,0.49297193,13061,"Clay, Georgia",,
13,0.33659592,0.49176136,13063,"Clayton, Georgia",0.54623002,0.91400999
13,0.33864579,0.55704105,13065,"Clinch, Georgia",0.44760001,0.90944999
13,0.39268443,0.57447404,13067,"Cobb, Georgia",0.79141998,1.39261
13,0.37101632,0.56221545,13069,"Coffee, Georgia",0.43913001,0.89820999
13,0.34719747,0.55118817,13071,"Colquitt, Georgia",0.43972,1.02697
13,-0.1443498,0.57166994,13073,"Columbia, Georgia",0.84439999,1.30454
13,0.34277099,0.54944855,13075,"Cook, Georgia",0.51209003,0.98250002
13,0.36058399,0.54080099,13077,"Coweta, Georgia",0.79878002,1.35103
13,0.34779364,0.51099133,13079,"Crawford, Georgia",0.55186999,0.94901001
13,0.32887796,0.54920214,13081,"Crisp, Georgia",0.38777,0.9971
13,0.41519946,0.5639351,13083,"Dade, Georgia",0.70831001,1.1136301
13,0.39285767,0.53869969,13085,"Dawson, Georgia",0.93358999,1.36437
13,0.35783383,0.56745964,13087,"Decatur, Georgia",0.43533999,1.02016
13,0.32836989,0.50175858,13089,"DeKalb, Georgia",0.67078,1.40977
13,0.36453989,0.56557566,13091,"Dodge, Georgia",0.50563997,0.95099002
13,0.33504042,0.53484517,13093,"Dooly, Georgia",0.40094,0.96765
13,0.31292447,0.49822101,13095,"Dougherty, Georgia",0.41666999,0.98702002
13,0.3723354,0.53402203,13097,"Douglas, Georgia",0.70517999,1.09342
13,2.2501059,0.56177151,13099,"Early, Georgia",0.37959999,1.0033799
13,0.38110125,0.59063697,13101,"Echols, Georgia",,
13,0.40765083,0.55623293,13103,"Effingham, Georgia",0.78047001,1.19321
13,0.35258234,0.54856586,13105,"Elbert, Georgia",0.47905001,0.98255002
13,0.37680003,0.58736128,13107,"Emanuel, Georgia",0.48594999,0.94881999
13,0.34484532,0.57452816,13109,"Evans, Georgia",0.48333001,1.03055
13,0.38920122,0.53521019,13111,"Fannin, Georgia",0.71499997,1.12307
13,0.4430989,0.58319277,13113,"Fayette, Georgia",0.92997998,1.39619
13,0.35719195,0.54320043,13115,"Floyd, Georgia",0.59062999,1.17518
13,0.42327446,0.57478893,13117,"Forsyth, Georgia",1.04118,1.49553
13,0.3892276,0.55892026,13119,"Franklin, Georgia",0.63177001,1.11156
13,0.32785976,0.54383171,13121,"Fulton, Georgia",0.77526999,1.47033
13,0.37451908,0.5407331,13123,"Gilmer, Georgia",0.64308,1.14693
13,0.3542777,0.53453594,13125,"Glascock, Georgia",0.68391001,1.05086
13,0.34872431,0.51979458,13127,"Glynn, Georgia",0.58587998,1.26618
13,0.37279746,0.56329441,13129,"Gordon, Georgia",0.62281001,1.08384
13,0.35662955,0.56215787,13131,"Grady, Georgia",0.47452,0.99567002
13,0.34030974,0.55268306,13133,"Greene, Georgia",0.51841003,1.36093
13,0.42453167,0.5750258,13135,"Gwinnett, Georgia",0.76938999,1.3338701
13,0.39084926,0.57263494,13137,"Habersham, Georgia",0.68133998,1.16406
13,0.37572902,0.55465043,13139,"Hall, Georgia",0.65626001,1.2604899
13,0.31692547,0.48457688,13141,"Hancock, Georgia",,
13,0.37155288,0.56469971,13143,"Haralson, Georgia",0.69749999,1.15466
13,0.36823243,0.54161185,13145,"Harris, Georgia",0.78325999,1.25218
13,0.38275063,0.55887771,13147,"Hart, Georgia",0.57889003,1.05577
13,0.36146966,0.52814043,13149,"Heard, Georgia",0.66123003,1.03996
13,0.37754801,0.53979331,13151,"Henry, Georgia",0.68510002,1.05827
13,0.36970398,0.54831368,13153,"Houston, Georgia",0.65016001,1.1798
13,0.36064276,0.54270726,13155,"Irwin, Georgia",0.51484001,0.96508998
13,0.3762444,0.53658724,13157,"Jackson, Georgia",0.80273998,1.3068399
13,0.34101135,0.52098513,13159,"Jasper, Georgia",0.66744,1.15583
13,0.35453621,0.54344767,13161,"Jeff Davis, Georgia",0.47599,0.87494999
13,0.34034786,0.56839848,13163,"Jefferson, Georgia",0.43592,1.0092
13,0.34418809,0.53404242,13165,"Jenkins, Georgia",0.49079999,0.97741997
13,0.3751179,0.56831527,13167,"Johnson, Georgia",0.48172,0.92615002
13,0.36956027,0.51664937,13169,"Jones, Georgia",0.71539003,1.14437
13,0.35533702,0.52911776,13171,"Lamar, Georgia",0.61382002,1.0615
13,0.33866939,0.54289597,13173,"Lanier, Georgia",0.58043998,1.05251
13,0.35055667,0.55104214,13175,"Laurens, Georgia",0.49801001,1.0166301
13,0.40468574,0.55385756,13177,"Lee, Georgia",0.66077,1.09613
13,0.36844605,0.5141145,13179,"Liberty, Georgia",0.70756,1.05255
13,0.36981088,0.56756026,13181,"Lincoln, Georgia",0.67811,1.17893
13,0.3654083,0.51409858,13183,"Long, Georgia",0.73553002,1.03601
13,0.3556807,0.56450421,13185,"Lowndes, Georgia",0.61049002,1.17514
13,0.38906109,0.52312577,13187,"Lumpkin, Georgia",0.88255,1.30337
13,0.34669882,0.54416001,13189,"McDuffie, Georgia",0.48166999,1.0494699
13,0.344964,0.44746509,13191,"McIntosh, Georgia",0.56230003,1.04549
13,0.33477706,0.51876253,13193,"Macon, Georgia",0.41894001,0.88657999
13,0.37192518,0.55561125,13195,"Madison, Georgia",0.65618998,1.16416
13,0.36426637,0.54680157,13197,"Marion, Georgia",0.53254998,0.97481
13,0.34179065,0.52384418,13199,"Meriwether, Georgia",0.5438,1.0737
13,0.37469891,0.54477978,13201,"Miller, Georgia",0.4876,0.97601998
13,0.34580582,0.56161118,13205,"Mitchell, Georgia",0.41181999,0.89835
13,0.3620407,0.53266025,13207,"Monroe, Georgia",0.64038998,1.18652
13,0.34486789,0.59250528,13209,"Montgomery, Georgia",0.55312002,0.99471003
13,0.34623483,0.55011928,13211,"Morgan, Georgia",0.65363002,1.21609
13,0.34863895,0.52586752,13213,"Murray, Georgia",0.55356002,0.96263999
13,0.33414599,0.52894759,13215,"Muscogee, Georgia",0.57656997,1.16287
13,0.34475094,-0.1136504,13217,"Newton, Georgia",0.63354999,1.05814
13,0.42605117,0.58120561,13219,"Oconee, Georgia",0.98903,1.51238
13,0.36557311,0.547454,13221,"Oglethorpe, Georgia",0.64497,1.18385
13,0.3835583,0.535092,13223,"Paulding, Georgia",0.90148997,1.2735699
13,0.34030351,0.52350563,13225,"Peach, Georgia",0.56546998,1.03879
13,0.38315809,0.54922563,13227,"Pickens, Georgia",0.80698001,1.24603
13,0.38134772,0.57766181,13229,"Pierce, Georgia",0.61289001,1.04098
13,0.38320851,0.53672737,13231,"Pike, Georgia",0.73501003,1.13314
13,0.35746813,0.53041697,13233,"Polk, Georgia",0.59742999,1.05778
13,0.34375685,0.56950003,13235,"Pulaski, Georgia",0.60264999,1.1093301
13,0.33250841,0.49260032,13237,"Putnam, Georgia",0.56972998,1.13928
13,0.31750682,0.49603245,13239,"Quitman, Georgia",,
13,0.38720283,0.52946979,13241,"Rabun, Georgia",0.70200998,1.22192
13,0.33470571,0.56080568,13243,"Randolph, Georgia",0.41136,0.93015999
13,0.33421153,0.50476295,13245,"Richmond, Georgia",0.53325999,1.14449
13,0.37823179,0.5484302,13247,"Rockdale, Georgia",0.66245002,1.06761
13,0.39817607,0.54188395,13249,"Schley, Georgia",0.64025003,1.1391799
13,0.35279605,0.54874343,13251,"Screven, Georgia",0.57675999,1.04141
13,0.34966087,0.51974416,13253,"Seminole, Georgia",0.49382001,0.97047001
13,0.33317184,0.52886969,13255,"Spalding, Georgia",0.54765999,1.07329
13,0.37938014,0.5687533,13257,"Stephens, Georgia",0.60609001,1.10876
13,0.32039854,0.51811528,13259,"Stewart, Georgia",,
13,0.33134979,0.54738832,13261,"Sumter, Georgia",0.41328999,1.0176899
13,0.34088269,0.51618356,13263,"Talbot, Georgia",,
13,0.32024187,0.55801564,13265,"Taliaferro, Georgia",,
13,0.37139812,0.54371083,13267,"Tattnall, Georgia",0.51916999,0.96939999
13,0.33863109,0.56511223,13269,"Taylor, Georgia",0.50997001,0.99848998
13,0.35263467,0.61108923,13271,"Telfair, Georgia",0.45355001,0.85784
13,0.3116523,0.57561195,13273,"Terrell, Georgia",0.34740999,0.96306002
13,0.35119915,0.57547957,13275,"Thomas, Georgia",0.54233003,1.19297
13,0.33537623,0.56123704,13277,"Tift, Georgia",0.49325001,1.0815901
13,0.36008126,0.56044769,13279,"Toombs, Georgia",0.50645,0.98377001
13,0.40426123,0.57505685,13281,"Towns, Georgia",0.75435001,1.15943
13,0.37015605,0.60469854,13283,"Treutlen, Georgia",0.53789997,0.91184998
13,0.33804658,0.548352,13285,"Troup, Georgia",0.52875,1.09402
13,0.34095162,0.57213461,13287,"Turner, Georgia",0.42993999,0.92294002
13,0.34532323,0.49413654,13289,"Twiggs, Georgia",0.51507002,1.03837
13,0.40268475,0.55877709,13291,"Union, Georgia",0.73474997,1.15558
13,0.34327269,0.54886794,13293,"Upson, Georgia",0.52252001,1.00202
13,0.36523792,0.53282136,13295,"Walker, Georgia",0.66544998,1.1615
13,0.35753387,0.55060577,13297,"Walton, Georgia",0.77209002,1.23822
13,0.36017606,0.57348865,13299,"Ware, Georgia",0.47767001,0.96433002
13,0.32335684,0.53594297,13301,"Warren, Georgia",,
13,0.33435628,0.54136592,13303,"Washington, Georgia",0.47859001,0.94274002
13,0.36527106,0.54894507,13305,"Wayne, Georgia",0.57977998,0.99018002
13,0.3635129,0.58634704,13307,"Webster, Georgia",,
13,0.35542291,0.55504352,13309,"Wheeler, Georgia",0.48390001,0.92561001
13,0.42383248,0.56295711,13311,"White, Georgia",0.80394,1.22517
13,0.35674581,0.55326694,13313,"Whitfield, Georgia",0.55201,1.04853
13,0.36384284,0.57887161,13315,"Wilcox, Georgia",0.47446001,0.84908998
13,0.35652182,0.58291548,13317,"Wilkes, Georgia",0.52776003,1.02475
13,0.32270512,0.49786702,13319,"Wilkinson, Georgia",0.55173999,0.97698998
13,0.35761192,0.53625298,13321,"Worth, Georgia",0.49377999,0.91709
15,0.43562939,0.5593013925,15000,"State average, Hawaii",1.041254995,1.295692475
15,0.41295773,0.54470277,15001,"Hawaii, Hawaii",0.89262998,1.27066
15,0.45602056,0.57804769,15003,"Honolulu, Hawaii",1.12176,1.3344899
15,0.43793973,0.56226963,15007,"Kauai, Hawaii",1.0647399,1.28591
15,0.43559954,0.55218548,15009,"Maui, Hawaii",1.0858901,1.29171
16,0.468853096363636,0.594001962045455,16000,"State average, Idaho",0.85207023952381,1.24585499761905
16,0.43062603,0.56590587,16001,"Ada, Idaho",0.98964,1.43308
16,0.50101757,0.5225991,16003,"Adams, Idaho",0.86124003,1.15955
16,0.42854518,0.57361645,16005,"Bannock, Idaho",0.8642,1.30773
16,0.53048104,0.64117712,16007,"Bear Lake, Idaho",0.98764998,1.2563
16,0.4399026,0.5913471,16009,"Benewah, Idaho",0.69935,1.04009
16,0.46504906,0.60449982,16011,"Bingham, Idaho",0.82173997,1.2812999
16,0.45624241,0.56110269,16013,"Blaine, Idaho",0.91799998,1.55723
16,0.44466484,0.53287584,16015,"Boise, Idaho",0.88226002,1.2186
16,0.4619042,0.57347167,16017,"Bonner, Idaho",0.88963002,1.32444
16,0.44137359,0.58569282,16019,"Bonneville, Idaho",0.90030003,1.36937
16,0.47911727,0.60044158,16021,"Boundary, Idaho",0.83205003,1.19537
16,0.49656436,0.60277438,16023,"Butte, Idaho",0.89429998,1.1764801
16,0.41879675,0.53713977,16025,"Camas, Idaho",,
16,0.41242597,0.5587365,16027,"Canyon, Idaho",0.77136999,1.25608
16,0.51762152,0.60765374,16029,"Caribou, Idaho",0.98451,1.26364
16,0.4589161,0.61600006,16031,"Cassia, Idaho",0.70995998,1.24983
16,0.48161909,0.62511939,16035,"Clearwater, Idaho",0.72012001,1.14756
16,0.55008233,0.64215803,16037,"Custer, Idaho",0.88988,1.2764
16,0.42867124,0.58409071,16039,"Elmore, Idaho",0.87404001,1.24576
16,0.52914071,0.62385529,16041,"Franklin, Idaho",1.01656,1.30699
16,0.47315502,0.6127817,16043,"Fremont, Idaho",0.96243,1.2953
16,0.44892702,0.58319914,16045,"Gem, Idaho",0.82819003,1.19866
16,0.45613462,0.61245644,16047,"Gooding, Idaho",0.68133003,1.14078
16,0.49271488,0.62105757,16049,"Idaho, Idaho",0.79925001,1.1556
16,0.50186622,0.60484982,16051,"Jefferson, Idaho",1.0208,1.37756
16,0.44817823,0.60549349,16053,"Jerome, Idaho",0.55858999,1.04493
16,0.44958007,0.57016146,16055,"Kootenai, Idaho",0.9138,1.29725
16,0.47838426,0.60051805,16057,"Latah, Idaho",1.07522,1.39624
16,0.47074503,0.57914329,16059,"Lemhi, Idaho",0.89494997,1.25834
16,0.45404363,0.68147141,16061,"Lewis, Idaho",0.79544002,1.12323
16,0.48970199,0.60168952,16063,"Lincoln, Idaho",0.67234999,1.09588
16,0.51536697,0.63218552,16065,"Madison, Idaho",1.28088,1.44485
16,0.45633942,0.63382256,16067,"Minidoka, Idaho",0.66323,1.17865
16,0.43429041,0.5690614,16069,"Nez Perce, Idaho",0.76748002,1.14518
16,0.54170579,0.60932994,16071,"Oneida, Idaho",1.03951,1.31905
16,0.45562488,0.57094514,16073,"Owyhee, Idaho",0.70852,1.13699
16,0.42196861,0.58812034,16075,"Payette, Idaho",0.71708,1.11909
16,0.45477277,0.59923673,16077,"Power, Idaho",0.64029002,1.1329499
16,0.42134413,0.57569051,16079,"Shoshone, Idaho",0.72836,1.07335
16,0.52379525,0.6002515,16081,"Teton, Idaho",1.02827,1.56319
16,0.44669428,0.58793408,16083,"Twin Falls, Idaho",0.80756998,1.24516
16,0.45759839,0.57285452,16085,"Valley, Idaho",0.94411999,1.37552
16,0.45688677,0.58962733,16087,"Washington, Idaho",0.75248998,1.14236
17,0.433241360980392,0.610823195490196,17000,"State average, Illinois",0.840682154019608,1.29264911852941
17,0.42879194,0.62924188,17001,"Adams, Illinois",0.84658998,1.35137
17,0.32211855,0.51566094,17003,"Alexander, Illinois",0.60172999,0.97444999
17,0.41647035,0.61903214,17005,"Bond, Illinois",0.87770998,1.31148
17,0.41497758,0.56612664,17007,"Boone, Illinois",0.80488002,1.30809
17,0.42439929,0.64115882,17009,"Brown, Illinois",0.86974001,1.27309
17,0.45156419,0.62908131,17011,"Bureau, Illinois",0.87740999,1.30079
17,0.52290136,0.67761528,17013,"Calhoun, Illinois",0.99957001,1.36438
17,0.47302896,0.6064949,17015,"Carroll, Illinois",0.87941998,1.23808
17,0.42147365,0.62504601,17017,"Cass, Illinois",0.59776002,1.13692
17,0.40266365,0.59859824,17019,"Champaign, Illinois",0.91205001,1.4834
17,0.43050331,0.60824901,17021,"Christian, Illinois",0.81603003,1.21446
17,-0.016485,0.61977971,17023,"Clark, Illinois",0.86019999,1.2712801
17,0.42199692,0.64656574,17025,"Clay, Illinois",0.80944997,1.19127
17,0.47838074,0.65654629,17027,"Clinton, Illinois",1.05951,1.42285
17,0.40333819,0.58395201,17029,"Coles, Illinois",0.81581002,1.31446
17,0.38461408,0.58158344,17031,"Cook, Illinois",0.75869,1.4921
17,0.43724287,0.61349589,17033,"Crawford, Illinois",0.88082999,1.26222
17,0.44537684,0.62340736,17035,"Cumberland, Illinois",0.86751997,1.23658
17,0.4313046,0.59913158,17037,"DeKalb, Illinois",0.96710002,1.46456
17,0.42762977,0.57191956,17039,"De Witt, Illinois",0.89556998,1.34934
17,0.47396854,0.61615676,17041,"Douglas, Illinois",0.89494997,1.3314199
17,0.48398623,0.62476873,17043,"DuPage, Illinois",1.03581,1.57767
17,0.41870713,0.60119843,17045,"Edgar, Illinois",0.74488002,1.22232
17,0.46676019,0.61750275,17047,"Edwards, Illinois",0.86596,1.2497
17,0.46500161,0.65468729,17049,"Effingham, Illinois",0.88552999,1.33164
17,0.42956212,0.62428576,17051,"Fayette, Illinois",0.73540002,1.16827
17,0.46515602,0.62371063,17053,"Ford, Illinois",0.92458999,1.37287
17,0.42489561,0.59445822,17055,"Franklin, Illinois",0.71328998,1.11115
17,0.41825032,0.5982542,17057,"Fulton, Illinois",0.80118001,1.22034
17,0.45408115,0.64318013,17059,"Gallatin, Illinois",0.74414998,1.14749
17,0.43875042,0.61237383,17061,"Greene, Illinois",0.82710999,1.21166
17,0.43544772,0.61819768,17063,"Grundy, Illinois",1.0577199,1.44436
17,0.46965456,0.63602144,17065,"Hamilton, Illinois",0.82358003,1.15266
17,0.49484143,0.63725179,17067,"Hancock, Illinois",0.91314,1.32057
17,0.44687796,0.60187805,17069,"Hardin, Illinois",0.71897,1.0124201
17,0.47010902,0.64071029,17071,"Henderson, Illinois",0.85506999,1.21473
17,0.4554241,0.63058585,17073,"Henry, Illinois",0.87853003,1.37184
17,0.45289558,0.62511384,17075,"Iroquois, Illinois",0.86128998,1.30472
17,0.40974066,0.58469123,17077,"Jackson, Illinois",0.81449002,1.29241
17,0.4994401,0.64790434,17079,"Jasper, Illinois",0.86857998,1.28848
17,0.3946574,0.59789044,17081,"Jefferson, Illinois",0.71473998,1.15002
17,0.44170195,0.6063509,17083,"Jersey, Illinois",0.90250999,1.32959
17,0.51140821,0.62388581,17085,"Jo Daviess, Illinois",1.01666,1.39735
17,0.4195596,0.59906811,17087,"Johnson, Illinois",0.84772998,1.19968
17,0.39975157,0.58508492,17089,"Kane, Illinois",0.81374002,1.49465
17,0.39598995,0.59465885,17091,"Kankakee, Illinois",0.81575,1.36412
17,0.45406237,0.59683985,17093,"Kendall, Illinois",0.97558999,1.4829
17,0.40191913,0.60547256,17095,"Knox, Illinois",0.74163997,1.2546099
17,0.41456291,0.59768724,17097,"Lake, Illinois",0.79540002,1.5417399
17,0.43089336,0.60300565,17099,"LaSalle, Illinois",0.88068002,1.32285
17,0.40990335,0.63162607,17101,"Lawrence, Illinois",0.77241999,1.1764801
17,0.4466539,0.61594093,17103,"Lee, Illinois",0.89144999,1.30118
17,0.43381014,0.62071592,17105,"Livingston, Illinois",0.88341999,1.32529
17,0.4273026,0.61209041,17107,"Logan, Illinois",0.84324002,1.2874
17,0.45786658,0.62811208,17109,"McDonough, Illinois",0.87976003,1.33294
17,0.46202949,0.60520196,17111,"McHenry, Illinois",1.0315599,1.49582
17,0.42080611,0.59967077,17113,"McLean, Illinois",0.96234,1.47892
17,0.37646765,0.59258717,17115,"Macon, Illinois",0.67282999,1.28172
17,0.43834057,0.61495036,17117,"Macoupin, Illinois",0.8581,1.27161
17,0.39849702,0.58531404,17119,"Madison, Illinois",0.80873001,1.37503
17,0.40170267,0.58967817,17121,"Marion, Illinois",0.69865,1.13116
17,0.42748693,0.61758369,17123,"Marshall, Illinois",0.90486002,1.3212301
17,0.3914668,0.61991251,17125,"Mason, Illinois",0.82437003,1.2417001
17,0.37353873,0.57873785,17127,"Massac, Illinois",0.80937999,1.2037899
17,0.43574932,0.60585833,17129,"Menard, Illinois",0.91246998,1.33349
17,0.47687036,0.62907147,17131,"Mercer, Illinois",0.92795002,1.33437
17,0.48901716,0.62855721,17133,"Monroe, Illinois",1.13726,1.5077699
17,0.43892664,0.63478327,17135,"Montgomery, Illinois",0.80458999,1.25467
17,0.40636027,0.60160744,17137,"Morgan, Illinois",0.74520999,1.28984
17,0.47358412,0.59286523,17139,"Moultrie, Illinois",0.88616002,1.29865
17,0.4352268,0.59744376,17141,"Ogle, Illinois",0.92101002,1.34961
17,0.36895794,0.58337742,17143,"Peoria, Illinois",0.70376998,1.4009
17,0.42347324,0.61071497,17145,"Perry, Illinois",0.78083003,1.19396
17,0.44767785,0.6166116,17147,"Piatt, Illinois",1.01722,1.45547
17,0.47426876,0.64209646,17149,"Pike, Illinois",0.82776999,1.23333
17,0.41315404,0.57740796,17151,"Pope, Illinois",0.80373001,1.1588
17,0.38525611,0.53378552,17153,"Pulaski, Illinois",0.64888,1.0383101
17,0.46053743,0.61311162,17155,"Putnam, Illinois",0.93984997,1.31828
17,0.45132351,0.64046907,17157,"Randolph, Illinois",0.80009001,1.24022
17,0.44004682,0.63063747,17159,"Richland, Illinois",0.81281,1.22242
17,0.40992674,0.59791565,17161,"Rock Island, Illinois",0.74805999,1.3168
17,0.36866993,0.58716035,17163,"St. Clair, Illinois",0.70964003,1.34079
17,0.42311797,0.61276484,17165,"Saline, Illinois",0.69823998,1.14215
17,0.3796902,0.58848643,17167,"Sangamon, Illinois",0.77772999,1.38753
17,0.43232608,0.62511027,17169,"Schuyler, Illinois",0.83855999,1.2402101
17,0.4539035,0.63944447,17171,"Scott, Illinois",0.85881001,1.21733
17,0.45742145,0.63467091,17173,"Shelby, Illinois",0.88202,1.27389
17,0.44010982,0.62784505,17175,"Stark, Illinois",0.92452002,1.3246
17,0.40041533,0.59429842,17177,"Stephenson, Illinois",0.77122998,1.25831
17,0.41260421,0.59462756,17179,"Tazewell, Illinois",0.89353001,1.4189399
17,0.41582689,0.60283053,17181,"Union, Illinois",0.73984998,1.1545
17,0.38480783,0.58223152,17183,"Vermilion, Illinois",0.63591999,1.15567
17,0.47200423,0.63324183,17185,"Wabash, Illinois",0.85715997,1.2239799
17,0.43687811,0.60363907,17187,"Warren, Illinois",0.74355,1.28415
17,0.48505965,0.64440787,17189,"Washington, Illinois",0.92009997,1.29357
17,0.44733635,0.63605309,17191,"Wayne, Illinois",0.79851002,1.2035201
17,0.46639982,0.62018043,17193,"White, Illinois",0.76433003,1.19792
17,0.42466298,0.60144538,17195,"Whiteside, Illinois",0.80208999,1.2349499
17,0.41075709,0.59489197,17197,"Will, Illinois",0.88901001,1.48598
17,0.40720248,0.58511275,17199,"Williamson, Illinois",0.76560998,1.21905
17,0.37577266,0.56173855,17201,"Winnebago, Illinois",0.69253999,1.30238
17,0.45278448,0.62978595,17203,"Woodford, Illinois",1.06163,1.4742301
18,0.412006703043478,0.585457622608696,18000,"State average, Indiana",0.823437385434783,1.26450586847826
18,0.43990657,0.62769586,18001,"Adams, Indiana",0.88123,1.31402
18,0.38412887,0.58048129,18003,"Allen, Indiana",0.76571,1.32177
18,0.37861368,0.57126164,18005,"Bartholomew, Indiana",0.82498997,1.37418
18,0.49011004,0.64326721,18007,"Benton, Indiana",0.85102999,1.29418
18,0.38065884,0.54595286,18009,"Blackford, Indiana",0.73729998,1.12283
18,0.41333297,0.59562564,18011,"Boone, Indiana",0.98833001,1.5347199
18,0.39675647,0.51936144,18013,"Brown, Indiana",0.84320003,1.2531199
18,0.42828009,0.59487891,18015,"Carroll, Indiana",0.89156002,1.26807
18,0.39768347,0.58698589,18017,"Cass, Indiana",0.64837998,1.16589
18,0.38787073,0.56448931,18019,"Clark, Indiana",0.82122999,1.31036
18,0.40795058,0.59761256,18021,"Clay, Indiana",0.7888,1.21937
18,0.39960414,0.57707763,18023,"Clinton, Indiana",0.70153999,1.21956
18,0.41521049,0.54594141,18025,"Crawford, Indiana",0.77706999,1.1637
18,0.4592323,0.60397589,18027,"Daviess, Indiana",0.73146999,1.26685
18,0.41568676,0.58395237,18029,"Dearborn, Indiana",0.94990999,1.34326
18,3.7478666,0.61566627,18031,"Decatur, Indiana",0.86707002,1.30124
18,0.40510637,0.58594203,18033,"DeKalb, Indiana",0.85146999,1.26361
18,0.35640246,0.55484128,18035,"Delaware, Indiana",0.75151998,1.2431099
18,0.49933162,0.67126811,18037,"Dubois, Indiana",0.88872999,1.42083
18,0.41013399,0.58013207,18039,"Elkhart, Indiana",0.68068999,1.2465301
18,0.35974202,0.52617455,18041,"Fayette, Indiana",0.69010001,1.09267
18,0.38521203,0.58220422,18043,"Floyd, Indiana",0.89868999,1.40207
18,0.42933741,0.59922135,18045,"Fountain, Indiana",0.84794003,1.26394
18,0.43506423,0.59933084,18047,"Franklin, Indiana",0.89889997,1.28155
18,0.420252,0.6026994,18049,"Fulton, Indiana",0.78792,1.20719
18,0.44826996,0.61886948,18051,"Gibson, Indiana",0.86931002,1.25252
18,0.35831994,0.54510027,18053,"Grant, Indiana",0.63485998,1.20114
18,0.42180967,0.58576679,18055,"Greene, Indiana",0.80587,1.23203
18,0.438759,0.60059887,18057,"Hamilton, Indiana",1.1047699,1.55191
18,0.40661421,0.58378989,18059,"Hancock, Indiana",0.97965997,1.41395
18,0.42563918,0.58947235,18061,"Harrison, Indiana",0.90402001,1.30158
18,0.43114406,0.59206486,18063,"Hendricks, Indiana",0.92931998,1.41426
18,0.3753731,0.55364603,18065,"Henry, Indiana",0.76604998,1.1785901
18,0.37289581,0.53138918,18067,"Howard, Indiana",0.77929997,1.25169
18,0.38585004,0.58623445,18069,"Huntington, Indiana",0.80271,1.27377
18,0.40978301,0.58319539,18071,"Jackson, Indiana",0.67777997,1.2174799
18,0.47309899,0.61945558,18073,"Jasper, Indiana",0.88543999,1.27894
18,0.40656698,0.56706303,18075,"Jay, Indiana",0.70731997,1.13327
18,0.40975583,0.59029961,18077,"Jefferson, Indiana",0.80694997,1.2648
18,0.39321262,0.55750996,18079,"Jennings, Indiana",0.74383998,1.15838
18,0.40886876,0.57591158,18081,"Johnson, Indiana",0.90367001,1.38086
18,0.42885551,0.62239975,18083,"Knox, Indiana",0.77276999,1.25809
18,0.42852128,0.58252466,18085,"Kosciusko, Indiana",0.82953,1.30966
18,0.51378554,0.59807134,18087,"LaGrange, Indiana",0.80260998,1.1886899
18,0.38606632,0.57452667,18089,"Lake, Indiana",0.73655999,1.2819
18,0.38435507,0.56777793,18091,"LaPorte, Indiana",0.7274,1.20025
18,0.37797639,0.55358398,18093,"Lawrence, Indiana",0.76993001,1.20269
18,0.35349786,0.53960949,18095,"Madison, Indiana",0.70077997,1.2361
18,0.34407961,0.54006559,18097,"Marion, Indiana",0.64282,1.34135
18,0.42408949,0.59951055,18099,"Marshall, Indiana",0.79961002,1.25089
18,0.43238047,0.60529649,18101,"Martin, Indiana",0.90463001,1.267
18,0.40072259,0.55622667,18103,"Miami, Indiana",0.72579002,1.14284
18,0.38870627,0.56749356,18105,"Monroe, Indiana",1.02991,1.4756
18,0.41177174,0.58853823,18107,"Montgomery, Indiana",0.82707,1.26452
18,0.38895485,0.55561954,18109,"Morgan, Indiana",0.88023001,1.2812001
18,0.43447748,0.59892231,18111,"Newton, Indiana",0.8114,1.20446
18,0.42344618,0.59046948,18113,"Noble, Indiana",0.74302,1.17937
18,0.4250856,0.57973278,18115,"Ohio, Indiana",0.89984,1.22659
18,0.40780261,0.58667338,18117,"Orange, Indiana",0.78084999,1.17852
18,0.38821617,0.55353302,18119,"Owen, Indiana",0.78828001,1.17349
18,0.43263304,0.59861028,18121,"Parke, Indiana",0.82599002,1.21121
18,0.42909962,0.63094133,18123,"Perry, Indiana",0.88709998,1.25776
18,0.42052028,0.63900328,18125,"Pike, Indiana",0.84871,1.2176501
18,0.4322677,0.58883351,18127,"Porter, Indiana",0.91794997,1.32955
18,0.42544425,0.61454248,18129,"Posey, Indiana",0.88253999,1.3171
18,0.43988496,0.61256075,18131,"Pulaski, Indiana",0.83494002,1.23002
18,0.41275617,0.57343459,18133,"Putnam, Indiana",0.91301,1.2888
18,0.40808538,0.5881983,18135,"Randolph, Indiana",0.72804999,1.13954
18,0.43696615,0.62169117,18137,"Ripley, Indiana",0.96222001,1.35855
18,0.4148075,0.60609388,18139,"Rush, Indiana",0.85039997,1.2436399
18,0.38336051,0.58342171,18141,"St. Joseph, Indiana",0.73885,1.34554
18,0.36708224,0.54461473,18143,"Scott, Indiana",0.73525,1.14362
18,0.39811197,0.57398671,18145,"Shelby, Indiana",0.80817997,1.25481
18,0.45960513,0.64005238,18147,"Spencer, Indiana",0.92299002,1.3163199
18,0.40425363,0.57594502,18149,"Starke, Indiana",0.79974997,1.13282
18,0.41969121,0.58082432,18151,"Steuben, Indiana",0.80950999,1.24391
18,0.41892534,0.62701911,18153,"Sullivan, Indiana",0.82416999,1.21545
18,0.42358944,0.54649484,18155,"Switzerland, Indiana",0.89344001,1.2088701
18,0.41734788,0.59559005,18157,"Tippecanoe, Indiana",0.88608998,1.40447
18,0.41064808,0.59771204,18159,"Tipton, Indiana",0.93202001,1.33029
18,0.43043512,0.56175041,18161,"Union, Indiana",0.90530998,1.24844
18,0.3814913,0.58892792,18163,"Vanderburgh, Indiana",0.79108,1.33337
18,0.3837181,0.58260804,18165,"Vermillion, Indiana",0.81395,1.18549
18,0.38801858,0.57741809,18167,"Vigo, Indiana",0.75757998,1.26702
18,0.38540554,0.58355957,18169,"Wabash, Indiana",0.77568001,1.25372
18,0.43126565,0.61536008,18171,"Warren, Indiana",0.84447998,1.21992
18,0.42642283,0.60994029,18173,"Warrick, Indiana",0.96556002,1.37137
18,0.40074772,0.56985086,18175,"Washington, Indiana",0.81598002,1.19637
18,0.36517343,0.56169564,18177,"Wayne, Indiana",0.68084002,1.1638
18,0.43372786,0.60912085,18179,"Wells, Indiana",0.83754998,1.28441
18,0.45897195,0.58828616,18181,"White, Indiana",0.79141998,1.24859
18,0.44391331,0.57703012,18183,"Whitley, Indiana",0.93697,1.3091201
19,0.501038981717172,0.650365708585859,19000,"State average, Iowa",0.984453845656566,1.42295434444444
19,0.50461859,0.61884063,19001,"Adair, Iowa",1.04217,1.41673
19,0.5095613,0.6692028,19003,"Adams, Iowa",0.99168003,1.40809
19,0.52721387,0.67875338,19005,"Allamakee, Iowa",0.95157999,1.41794
19,0.46017158,0.63581812,19007,"Appanoose, Iowa",0.83076,1.22616
19,0.55742055,0.71625286,19009,"Audubon, Iowa",1.0862499,1.47972
19,0.52106124,0.63959718,19011,"Benton, Iowa",1.12208,1.48571
19,0.42956656,0.61998588,19013,"Black Hawk, Iowa",0.84346002,1.4775701
19,0.48359641,0.63712329,19015,"Boone, Iowa",1.105,1.48273
19,0.53109479,0.66795367,19017,"Bremer, Iowa",1.1985101,1.53346
19,0.53037298,0.65310305,19019,"Buchanan, Iowa",1.12161,1.48045
19,0.48461235,0.68822485,19021,"Buena Vista, Iowa",0.61985999,1.3526599
19,0.54333979,0.6801694,19023,"Butler, Iowa",1.15878,1.46735
19,0.50944644,0.67513502,19025,"Calhoun, Iowa",1.0970401,1.43874
19,0.58958238,0.70173061,19027,"Carroll, Iowa",1.1022201,1.51215
19,0.49927804,0.64574391,19029,"Cass, Iowa",0.91459,1.40316
19,0.51325929,0.65813202,19031,"Cedar, Iowa",1.12602,1.47216
19,0.46855336,0.63142705,19033,"Cerro Gordo, Iowa",0.93401003,1.4216599
19,0.54719996,0.67085344,19035,"Cherokee, Iowa",1.06761,1.46536
19,0.56015509,0.6939621,19037,"Chickasaw, Iowa",1.0524,1.4259501
19,0.46185353,0.64443368,19039,"Clarke, Iowa",0.78982002,1.25432
19,0.50383073,0.64592296,19041,"Clay, Iowa",0.96508002,1.42081
19,0.54263449,0.67443854,19043,"Clayton, Iowa",1.11678,1.42515
19,0.45923761,0.62562698,19045,"Clinton, Iowa",0.85602999,1.33531
19,0.51571286,0.68177557,19047,"Crawford, Iowa",0.70107001,1.34447
19,0.48483068,0.62742436,19049,"Dallas, Iowa",1.05221,1.57988
19,0.4862783,0.6197443,19051,"Davis, Iowa",0.95643997,1.31036
19,0.4724322,0.62851405,19053,"Decatur, Iowa",0.97814,1.34315
19,0.56759489,0.67063493,19055,"Delaware, Iowa",1.10604,1.48777
19,0.41981485,0.60655415,19057,"Des Moines, Iowa",0.82726002,1.31927
19,0.49695775,0.65408564,19059,"Dickinson, Iowa",1.1104701,1.49974
19,0.51326174,0.66482681,19061,"Dubuque, Iowa",1.01527,1.50029
19,0.5146054,0.65384775,19063,"Emmet, Iowa",0.91679001,1.37455
19,0.51377302,0.66770399,19065,"Fayette, Iowa",0.99362999,1.40056
19,0.50077283,0.67109925,19067,"Floyd, Iowa",0.96565998,1.4008501
19,0.50329876,0.64330983,19069,"Franklin, Iowa",0.81181997,1.38158
19,0.46658877,0.64952242,19071,"Fremont, Iowa",0.98953998,1.37148
19,0.49935845,0.66935378,19073,"Greene, Iowa",1.02468,1.42242
19,0.53651685,0.67223966,19075,"Grundy, Iowa",1.1821001,1.52992
19,0.51752061,0.66038597,19077,"Guthrie, Iowa",1.09542,1.47627
19,0.47511137,0.6457932,19079,"Hamilton, Iowa",0.87664002,1.42822
19,0.5377174,0.65102977,19081,"Hancock, Iowa",1.02168,1.4390399
19,0.50678074,0.68424684,19083,"Hardin, Iowa",1.0229501,1.4324501
19,0.49009487,0.64748919,19085,"Harrison, Iowa",1.09229,1.43256
19,0.46819261,0.62990588,19087,"Henry, Iowa",0.93019003,1.36353
19,0.54130363,0.65654653,19089,"Howard, Iowa",1.07022,1.43743
19,0.52876306,0.69203907,19091,"Humboldt, Iowa",1.03614,1.46637
19,0.54538429,0.66740781,19093,"Ida, Iowa",1.06471,1.4608999
19,0.52879578,0.65129137,19095,"Iowa, Iowa",1.10716,1.5166399
19,0.51322109,0.65463525,19097,"Jackson, Iowa",1.00366,1.4098001
19,0.46030825,0.61598814,19099,"Jasper, Iowa",0.97178,1.40773
19,0.47219929,0.583031,19101,"Jefferson, Iowa",0.99169999,1.35737
19,0.47664461,0.61306918,19103,"Johnson, Iowa",1.09649,1.59433
19,0.525617,0.6587944,19105,"Jones, Iowa",1.0578001,1.4650199
19,0.50303537,0.65976393,19107,"Keokuk, Iowa",0.96718001,1.35427
19,0.59000456,0.70227325,19109,"Kossuth, Iowa",1.01635,1.46427
19,0.42758539,0.61280298,19111,"Lee, Iowa",0.79536003,1.26157
19,0.43809453,0.60795099,19113,"Linn, Iowa",1.00389,1.5095
19,0.46049133,0.61466825,19115,"Louisa, Iowa",0.82337999,1.32649
19,0.49340388,0.64530754,19117,"Lucas, Iowa",0.91488999,1.28475
19,0.60139436,0.69002455,19119,"Lyon, Iowa",1.16634,1.54166
19,0.50549352,0.62002552,19121,"Madison, Iowa",1.16129,1.49309
19,0.50390691,0.63475251,19123,"Mahaska, Iowa",0.96131998,1.39921
19,0.47746855,0.64271927,19125,"Marion, Iowa",1.0699,1.4882801
19,0.4319157,0.62457389,19127,"Marshall, Iowa",0.70670003,1.32974
19,0.50342011,0.60370344,19129,"Mills, Iowa",1.09574,1.45555
19,0.5479154,0.68718874,19131,"Mitchell, Iowa",1.13223,1.46751
19,0.46591732,0.63176596,19133,"Monona, Iowa",1.00617,1.38178
19,0.48454678,0.62858325,19135,"Monroe, Iowa",0.97517002,1.34171
19,0.49002165,0.63341409,19137,"Montgomery, Iowa",0.90561002,1.33672
19,0.42926189,0.60442394,19139,"Muscatine, Iowa",0.81383002,1.35033
19,0.55409515,0.68634969,19141,"O'Brien, Iowa",1.0548,1.4900399
19,0.54105395,0.66515452,19143,"Osceola, Iowa",0.94143999,1.4826
19,0.47664678,0.6485374,19145,"Page, Iowa",0.96125001,1.36984
19,0.53614211,0.71636283,19147,"Palo Alto, Iowa",1.0679801,1.43506
19,0.55127275,0.66224462,19149,"Plymouth, Iowa",1.04109,1.50438
19,0.539994,0.70312279,19151,"Pocahontas, Iowa",0.91883999,1.43813
19,0.42686203,0.6090818,19153,"Polk, Iowa",0.86509001,1.5317301
19,0.42595309,0.60174036,19155,"Pottawattamie, Iowa",0.82823998,1.39282
19,0.50524914,0.64725935,19157,"Poweshiek, Iowa",1.02074,1.46582
19,0.50729686,0.675228,19159,"Ringgold, Iowa",0.99833,1.36471
19,0.58579111,0.68423229,19161,"Sac, Iowa",0.92429,1.44178
19,0.41829303,0.60584533,19163,"Scott, Iowa",0.84495997,1.4416699
19,0.53484052,0.67201185,19165,"Shelby, Iowa",1.04129,1.4854701
19,0.58474743,0.69802356,19167,"Sioux, Iowa",0.98806,1.57658
19,0.49748048,0.63910723,19169,"Story, Iowa",1.1839,1.57066
19,0.49370426,0.61485386,19171,"Tama, Iowa",0.88661999,1.37349
19,0.4988994,0.65766621,19173,"Taylor, Iowa",0.92896003,1.37825
19,0.47277489,0.63678879,19175,"Union, Iowa",0.89901,1.33825
19,0.49306369,0.63378865,19177,"Van Buren, Iowa",0.91786999,1.2333601
19,0.42218581,0.6283651,19179,"Wapello, Iowa",0.71122998,1.20978
19,0.4768489,0.6308099,19181,"Warren, Iowa",1.11465,1.52408
19,0.47520941,0.6354264,19183,"Washington, Iowa",1.02451,1.46652
19,0.48688009,0.6561929,19185,"Wayne, Iowa",0.94835001,1.25792
19,0.44889295,0.63424033,19187,"Webster, Iowa",0.87379003,1.38019
19,0.51862085,0.66889161,19189,"Winnebago, Iowa",1.0075999,1.46102
19,0.56284529,0.66223085,19191,"Winneshiek, Iowa",1.2157,1.53627
19,0.42699581,0.61337888,19193,"Woodbury, Iowa",0.77585,1.39147
19,0.48495266,0.64981431,19195,"Worth, Iowa",1.03399,1.4069
19,0.48427662,0.64079213,19197,"Wright, Iowa",0.76385999,1.37997
20,0.480017209142857,0.633627999904762,20000,"State average, Kansas",0.940319521634615,1.35806654038462
20,0.41169006,0.60579425,20001,"Allen, Kansas",0.77282,1.24413
20,0.45896053,0.61956996,20003,"Anderson, Kansas",0.96709001,1.29926
20,0.42228299,0.62868017,20005,"Atchison, Kansas",0.91580999,1.38866
20,0.51159906,0.66850495,20007,"Barber, Kansas",1.00301,1.38146
20,0.46441993,0.64259946,20009,"Barton, Kansas",0.83504999,1.33391
20,0.44513497,0.6103707,20011,"Bourbon, Kansas",0.81825,1.24277
20,0.47078624,0.66939598,20013,"Brown, Kansas",0.88506001,1.39566
20,0.4360472,0.58382112,20015,"Butler, Kansas",0.9878,1.42247
20,0.5193609,0.6382575,20017,"Chase, Kansas",0.98408002,1.37893
20,0.44809031,0.65422976,20019,"Chautauqua, Kansas",0.82738,1.19947
20,0.41945258,0.60040814,20021,"Cherokee, Kansas",0.80658001,1.2311
20,0.55817926,0.67636198,20023,"Cheyenne, Kansas",0.99049002,1.38989
20,0.57412511,0.63486755,20025,"Clark, Kansas",1.10186,1.47826
20,0.48393884,0.631751,20027,"Clay, Kansas",0.97689998,1.35666
20,0.5116666,0.63251525,20029,"Cloud, Kansas",0.94858998,1.33324
20,0.49350631,0.61961848,20031,"Coffey, Kansas",1.0122,1.37939
20,0.47076565,0.75273478,20033,"Comanche, Kansas",1.11961,1.35755
20,0.42554131,0.58330292,20035,"Cowley, Kansas",0.79356998,1.2706
20,0.42867494,0.60057205,20037,"Crawford, Kansas",0.84542,1.35449
20,0.55728889,0.675771,20039,"Decatur, Kansas",0.94524002,1.35798
20,0.46563876,0.60070932,20041,"Dickinson, Kansas",0.96974999,1.33303
20,0.44859543,0.65081358,20043,"Doniphan, Kansas",0.97083998,1.40089
20,0.42703208,0.5771488,20045,"Douglas, Kansas",1.08681,1.53799
20,0.48299116,0.63649845,20047,"Edwards, Kansas",0.85889,1.30124
20,0.48936486,0.49823025,20049,"Elk, Kansas",0.91036999,1.2605799
20,0.52755284,0.6492101,20051,"Ellis, Kansas",1.10554,1.43604
20,0.47912446,0.6969052,20053,"Ellsworth, Kansas",0.95778,1.3635
20,0.41161007,0.60344374,20055,"Finney, Kansas",0.69670999,1.2126
20,0.41245389,0.60906178,20057,"Ford, Kansas",0.60279,1.16677
20,0.42218852,0.59961146,20059,"Franklin, Kansas",0.96956998,1.339
20,0.37681189,0.55589819,20061,"Geary, Kansas",0.87906998,1.18466
20,0.53695053,0.76486754,20063,"Gove, Kansas",1.12533,1.3698699
20,0.50316375,0.67499542,20065,"Graham, Kansas",1.01243,1.35987
20,0.47192529,0.63323307,20067,"Grant, Kansas",0.71670002,1.24897
20,0.53135669,0.63651502,20069,"Gray, Kansas",1.03863,1.43314
20,0.5674367,0.66965252,20071,"Greeley, Kansas",,
20,0.47692239,0.59793335,20073,"Greenwood, Kansas",0.93081999,1.2937599
20,0.4444291,0.66794252,20075,"Hamilton, Kansas",0.63841999,1.24756
20,0.45272848,0.62760586,20077,"Harper, Kansas",0.92580998,1.3434
20,0.43555745,0.60088569,20079,"Harvey, Kansas",0.90732002,1.40846
20,0.58617812,0.57636052,20081,"Haskell, Kansas",0.89012998,1.34579
20,0.58044744,0.72606158,20083,"Hodgeman, Kansas",1.13598,1.4636
20,0.48021773,0.64235365,20085,"Jackson, Kansas",0.99778998,1.39398
20,0.46568909,0.59525037,20087,"Jefferson, Kansas",1.10123,1.41523
20,0.51125634,0.68061787,20089,"Jewell, Kansas",0.95844001,1.31109
20,0.46767005,0.61126202,20091,"Johnson, Kansas",1.0613101,1.60448
20,0.45364109,0.56879795,20093,"Kearny, Kansas",0.82278001,1.30803
20,0.49144778,0.63052595,20095,"Kingman, Kansas",0.98304999,1.37858
20,0.46065772,0.62393451,20097,"Kiowa, Kansas",1.12808,1.45479
20,0.43611234,0.59576344,20099,"Labette, Kansas",0.78236997,1.22068
20,0.47038424,0.6634537,20101,"Lane, Kansas",0.94128001,1.3875901
20,0.39216787,0.58202314,20103,"Leavenworth, Kansas",0.97672999,1.43594
20,0.47715026,0.62364656,20105,"Lincoln, Kansas",0.97731,1.34544
20,0.44525316,0.58338684,20107,"Linn, Kansas",0.94910002,1.3302
20,0.47967562,0.64060938,20109,"Logan, Kansas",0.99975002,1.40657
20,0.42970076,0.62726396,20111,"Lyon, Kansas",0.85102999,1.35537
20,0.47835681,0.64259052,20113,"McPherson, Kansas",1.04287,1.4383399
20,0.47457254,0.62188816,20115,"Marion, Kansas",1.00951,1.43961
20,0.53589171,0.65699363,20117,"Marshall, Kansas",1.00089,1.44418
20,0.54597747,0.65452194,20119,"Meade, Kansas",0.94835001,1.43338
20,0.45447814,0.58902133,20121,"Miami, Kansas",1.05277,1.43441
20,0.51268011,0.66805583,20123,"Mitchell, Kansas",1.06715,1.41615
20,0.41240478,0.59029496,20125,"Montgomery, Kansas",0.74839002,1.23072
20,0.48142785,0.57933569,20127,"Morris, Kansas",1.02764,1.41012
20,0.50386459,0.59188223,20129,"Morton, Kansas",0.88933998,1.24032
20,0.61351389,0.71705359,20131,"Nemaha, Kansas",1.07207,1.52536
20,0.4473432,0.60906518,20133,"Neosho, Kansas",0.81098002,1.26732
20,0.52363312,0.70080185,20135,"Ness, Kansas",0.99545002,1.38243
20,0.51253235,0.63017875,20137,"Norton, Kansas",0.94418001,1.30653
20,0.45189831,0.60789794,20139,"Osage, Kansas",1.00543,1.34605
20,0.50732821,0.67590833,20141,"Osborne, Kansas",0.97916001,1.37999
20,0.47734776,0.6332708,20143,"Ottawa, Kansas",1.00792,1.33687
20,0.4515202,0.65521389,20145,"Pawnee, Kansas",0.95029998,1.30093
20,0.52574575,0.65505278,20147,"Phillips, Kansas",1.03273,1.35289
20,0.48593962,0.62905097,20149,"Pottawatomie, Kansas",1.10542,1.46622
20,0.46636552,0.63469911,20151,"Pratt, Kansas",0.94848001,1.4157
20,0.53060615,0.6744867,20153,"Rawlins, Kansas",0.98821002,1.40512
20,0.42142919,0.5997352,20155,"Reno, Kansas",0.86844999,1.3503
20,0.50931853,0.64227086,20157,"Republic, Kansas",1.0118001,1.3843
20,0.4635542,0.61411512,20159,"Rice, Kansas",0.90935999,1.37637
20,0.43735152,0.60422778,20161,"Riley, Kansas",1.11905,1.50483
20,0.49481294,0.63422251,20163,"Rooks, Kansas",1.04843,1.34597
20,0.51195544,0.71609282,20165,"Rush, Kansas",1.04391,1.36845
20,0.49514878,0.66763544,20167,"Russell, Kansas",0.93883997,1.3606
20,0.4225283,0.59661305,20169,"Saline, Kansas",0.83788002,1.3619601
20,0.50198048,0.66335875,20171,"Scott, Kansas",0.85899001,1.39326
20,0.39217156,0.56856036,20173,"Sedgwick, Kansas",0.79304999,1.40899
20,0.41903913,0.5925802,20175,"Seward, Kansas",0.59332001,1.06906
20,0.39075658,0.58572948,20177,"Shawnee, Kansas",0.84419,1.41023
20,0.58926314,0.62981933,20179,"Sheridan, Kansas",1.06972,1.39827
20,0.49950972,0.63105565,20181,"Sherman, Kansas",0.95433003,1.37046
20,0.53331286,0.65815282,20183,"Smith, Kansas",1.0340101,1.35026
20,0.47259924,0.64357007,20185,"Stafford, Kansas",0.91416001,1.38788
20,0.52495742,0.64971095,20187,"Stanton, Kansas",0.74300998,1.2876
20,0.49168998,0.64263231,20189,"Stevens, Kansas",0.78669,1.32619
20,0.43678027,0.58123225,20191,"Sumner, Kansas",0.94945002,1.3315901
20,0.5259099,0.66241485,20193,"Thomas, Kansas",1.00006,1.38639
20,0.54424638,0.69126612,20195,"Trego, Kansas",1.04883,1.4236701
20,0.4964146,0.67268056,20197,"Wabaunsee, Kansas",1.10539,1.40876
20,0.59047329,0.71112001,20199,"Wallace, Kansas",1.1349699,1.41184
20,0.52481925,0.68403715,20201,"Washington, Kansas",1.07432,1.43828
20,0.56825167,0.6578232,20203,"Wichita, Kansas",0.80993003,1.41675
20,0.44115752,0.65177149,20205,"Wilson, Kansas",0.77942002,1.2208101
20,0.44858578,0.67557788,20207,"Woodson, Kansas",0.89772999,1.27321
20,0.35736558,0.5340693,20209,"Wyandotte, Kansas",0.59995002,1.3054301
21,0.396391101,0.568031881,21000,"State average, Kentucky",0.82515883525,1.15583591341667
21,0.41541359,0.54606926,21001,"Adair, Kentucky",0.82176,1.1287
21,0.37712938,0.557437,21003,"Allen, Kentucky",0.79587001,1.1441801
21,0.39797756,0.53695881,21005,"Anderson, Kentucky",0.97829998,1.30205
21,0.43367711,0.58099949,21007,"Ballard, Kentucky",0.91286999,1.23941
21,0.40630835,0.59626257,21009,"Barren, Kentucky",0.79999,1.16896
21,0.40346125,0.57239807,21011,"Bath, Kentucky",0.82356,1.12731
21,0.37449017,0.55427086,21013,"Bell, Kentucky",0.54250002,0.81682003
21,0.40715119,0.58005416,21015,"Boone, Kentucky",0.94,1.40441
21,0.36366171,0.52161407,21017,"Bourbon, Kentucky",0.85073,1.2565
21,0.38034844,0.53889251,21019,"Boyd, Kentucky",0.84201002,1.18883
21,0.37083247,0.5685243,21021,"Boyle, Kentucky",0.87402999,1.30196
21,0.37160832,0.58287913,21023,"Bracken, Kentucky",0.97544998,1.20684
21,0.36811772,0.50868267,21025,"Breathitt, Kentucky",0.65075999,0.94007999
21,0.44865859,0.59858876,21027,"Breckinridge, Kentucky",0.92708999,1.18229
21,0.40022212,0.55380267,21029,"Bullitt, Kentucky",0.93434,1.29442
21,0.40762815,0.5751195,21031,"Butler, Kentucky",0.81712002,1.15573
21,0.41072783,0.60982209,21033,"Caldwell, Kentucky",0.91578001,1.21916
21,0.41062984,0.57586855,21035,"Calloway, Kentucky",0.96552002,1.38595
21,0.38839018,0.61343759,21037,"Campbell, Kentucky",0.97575003,1.46746
21,0.40061107,0.64774114,21039,"Carlisle, Kentucky",0.95319998,1.301
21,0.38974559,0.61308777,21041,"Carroll, Kentucky",0.74715,1.11272
21,0.39988622,0.54681069,21043,"Carter, Kentucky",0.77390999,1.07926
21,0.40173507,0.54092222,21045,"Casey, Kentucky",0.74149001,1.05119
21,0.37394321,0.57463908,21047,"Christian, Kentucky",0.74645001,1.13144
21,0.34720245,0.5488776,21049,"Clark, Kentucky",0.82292998,1.24055
21,0.35891965,0.5341928,21051,"Clay, Kentucky",0.56465,0.89466
21,0.41263554,0.59147692,21053,"Clinton, Kentucky",0.64265001,0.96188998
21,0.42840609,0.61358571,21055,"Crittenden, Kentucky",0.88957,1.17814
21,0.41366643,0.58596933,21057,"Cumberland, Kentucky",0.74738002,1.03108
21,0.41262692,0.60849142,21059,"Daviess, Kentucky",0.88028002,1.28887
21,0.40107015,0.56978077,21061,"Edmonson, Kentucky",0.91134,1.15702
21,0.42204928,0.56446725,21063,"Elliott, Kentucky",0.77030998,1.02939
21,0.36585921,0.53650808,21065,"Estill, Kentucky",0.76797998,1.0693099
21,0.36058044,0.55602175,21067,"Fayette, Kentucky",0.85557002,1.45638
21,0.39304239,0.57046199,21069,"Fleming, Kentucky",0.89704001,1.1938699
21,0.38382921,0.55753899,21071,"Floyd, Kentucky",0.70181,0.94999999
21,0.36392605,0.54942822,21073,"Franklin, Kentucky",0.87993002,1.29094
21,0.3511501,0.56703979,21075,"Fulton, Kentucky",0.65978003,1.0691299
21,0.4432072,0.52988583,21077,"Gallatin, Kentucky",0.81849003,1.15051
21,0.36499894,0.51644737,21079,"Garrard, Kentucky",0.86457998,1.20605
21,0.3839148,0.53074843,21081,"Grant, Kentucky",0.87752002,1.21102
21,0.40634546,0.59751791,21083,"Graves, Kentucky",0.87553,1.31372
21,0.40219191,0.58422947,21085,"Grayson, Kentucky",0.89462,1.13099
21,0.42808738,0.58693588,21087,"Green, Kentucky",0.85987997,1.15792
21,0.40246931,0.57095361,21089,"Greenup, Kentucky",0.88020998,1.1804399
21,0.47285417,0.60518533,21091,"Hancock, Kentucky",0.96610999,1.23121
21,0.40363356,0.56778717,21093,"Hardin, Kentucky",0.89464998,1.22519
21,0.37986884,0.53764439,21095,"Harlan, Kentucky",0.53648001,0.74479002
21,0.37234646,0.55426061,21097,"Harrison, Kentucky",0.91892999,1.24933
21,0.40796441,0.58814138,21099,"Hart, Kentucky",0.79969001,1.0615799
21,0.3813507,0.57764953,21101,"Henderson, Kentucky",0.75729001,1.15529
21,0.40072656,0.55118632,21103,"Henry, Kentucky",0.92777997,1.29386
21,0.38558543,0.60029775,21105,"Hickman, Kentucky",0.83769,1.22247
21,0.40979388,0.58958083,21107,"Hopkins, Kentucky",0.83636999,1.17132
21,0.39876482,0.54533374,21109,"Jackson, Kentucky",0.74194998,0.97367001
21,0.3629775,0.56020176,21111,"Jefferson, Kentucky",0.72134,1.41228
21,0.3562485,0.54611576,21113,"Jessamine, Kentucky",0.89270002,1.40736
21,0.42922232,0.60335726,21115,"Johnson, Kentucky",0.80589998,1.0539401
21,0.3746317,0.58617824,21117,"Kenton, Kentucky",0.83428001,1.42374
21,0.36478487,0.53409469,21119,"Knott, Kentucky",0.64696002,0.92526001
21,0.38212988,0.54619956,21121,"Knox, Kentucky",0.72356999,0.95703
21,0.42863321,0.59940946,21123,"Larue, Kentucky",0.93555999,1.22735
21,0.38357031,0.55038089,21125,"Laurel, Kentucky",0.75147003,1.04198
21,0.38819781,0.57326746,21127,"Lawrence, Kentucky",0.75506997,1.02411
21,0.39089471,0.6141721,21129,"Lee, Kentucky",0.69847,1.00093
21,0.36641586,0.4835985,21131,"Leslie, Kentucky",0.65744001,0.85887998
21,0.39511007,0.55005717,21133,"Letcher, Kentucky",0.67493999,0.88362002
21,0.4166387,0.59198028,21135,"Lewis, Kentucky",0.80271,1.0645601
21,0.37296119,0.55723542,21137,"Lincoln, Kentucky",0.7888,1.09349
21,0.41301331,0.52246523,21139,"Livingston, Kentucky",0.90083998,1.22604
21,0.40011191,0.5824219,21141,"Logan, Kentucky",0.86803001,1.2215199
21,0.43119264,0.54140282,21143,"Lyon, Kentucky",0.96608001,1.29128
21,0.38038197,0.58280683,21145,"McCracken, Kentucky",0.88722003,1.34364
21,0.35557348,0.50578588,21147,"McCreary, Kentucky",0.57334,0.70815998
21,0.42633167,0.60852408,21149,"McLean, Kentucky",0.89047998,1.19087
21,0.37062562,0.55484635,21151,"Madison, Kentucky",0.88881999,1.28289
21,0.41135493,0.58834273,21153,"Magoffin, Kentucky",0.82762998,1.0157599
21,0.44379672,0.61220294,21155,"Marion, Kentucky",0.87061,1.16746
21,0.42733857,0.57806456,21157,"Marshall, Kentucky",0.98979998,1.35597
21,0.41431481,0.5116604,21159,"Martin, Kentucky",0.68879002,0.89060998
21,0.38948417,0.56344116,21161,"Mason, Kentucky",0.88572001,1.18554
21,0.39947581,0.57594931,21163,"Meade, Kentucky",0.92645001,1.22272
21,0.38494453,0.6290735,21165,"Menifee, Kentucky",0.76712,1.0351599
21,0.3801603,0.55583763,21167,"Mercer, Kentucky",0.91907001,1.24615
21,0.42522848,0.55527449,21169,"Metcalfe, Kentucky",0.78821999,1.01571
21,0.41745925,0.62390816,21171,"Monroe, Kentucky",0.74926001,1.07744
21,0.3606075,0.55953944,21173,"Montgomery, Kentucky",0.84895003,1.18309
21,0.40951568,0.58073246,21175,"Morgan, Kentucky",0.83109999,1.10826
21,0.43554917,0.61091942,21177,"Muhlenberg, Kentucky",0.86758,1.14695
21,0.40877706,0.5999729,21179,"Nelson, Kentucky",1.00158,1.30564
21,0.37845519,0.57221735,21181,"Nicholas, Kentucky",0.87217999,1.1656801
21,0.43364626,0.58731169,21183,"Ohio, Kentucky",0.83546001,1.12263
21,0.43833274,0.59134597,21185,"Oldham, Kentucky",1.06872,1.5309401
21,0.3973375,0.56470883,21187,"Owen, Kentucky",0.86804003,1.21047
21,0.34451139,0.5052433,21189,"Owsley, Kentucky",0.70379001,0.89990002
21,0.38032004,0.5638442,21191,"Pendleton, Kentucky",0.92027003,1.21612
21,0.36546847,0.52012986,21193,"Perry, Kentucky",0.68518001,0.91215998
21,0.39336568,0.55050772,21195,"Pike, Kentucky",0.73913002,1.02441
21,0.36257774,0.57607406,21197,"Powell, Kentucky",0.78012002,1.01135
21,0.37494639,0.56432676,21199,"Pulaski, Kentucky",0.77807999,1.11261
21,0.47312549,0.58569402,21201,"Robertson, Kentucky",0.92444003,1.18259
21,0.39720663,0.52676326,21203,"Rockcastle, Kentucky",0.77204001,1.05834
21,0.37321958,0.57573885,21205,"Rowan, Kentucky",0.86527002,1.2194999
21,0.38683853,0.54688287,21207,"Russell, Kentucky",0.75591999,1.09022
21,0.361743,0.52948046,21209,"Scott, Kentucky",0.83482999,1.32003
21,0.3869051,0.54628766,21211,"Shelby, Kentucky",0.88164997,1.35223
21,0.38099056,0.56847954,21213,"Simpson, Kentucky",0.84390002,1.21732
21,0.44031531,0.54924375,21215,"Spencer, Kentucky",1.01521,1.3850501
21,0.40403017,0.59959781,21217,"Taylor, Kentucky",0.85095,1.22365
21,0.4304297,0.57644069,21219,"Todd, Kentucky",0.78096002,1.14949
21,0.40836874,0.57298905,21221,"Trigg, Kentucky",0.86887997,1.1720999
21,0.4118959,0.58104831,21223,"Trimble, Kentucky",0.83837998,1.16283
21,0.42709944,0.60313725,21225,"Union, Kentucky",0.82699001,1.15324
21,0.39106056,0.5695641,21227,"Warren, Kentucky",0.84693998,1.31556
21,0.4276917,0.63242674,21229,"Washington, Kentucky",0.86001003,1.2296
21,0.38575691,0.58320105,21231,"Wayne, Kentucky",0.64111,0.94594002
21,0.43752447,0.61270285,21233,"Webster, Kentucky",0.79433,1.1176
21,0.36648634,0.55774122,21235,"Whitley, Kentucky",0.74387002,1.0395
21,0.38146049,0.46981323,21237,"Wolfe, Kentucky",0.66793001,1.01986
21,0.36674502,0.5589534,21239,"Woodford, Kentucky",0.94396001,1.44674
22,0.40265773703125,0.60479775609375,22000,"State average, Louisiana",0.699571586825397,1.15919349063492
22,0.43444854,0.63248581,22001,"Acadia, Louisiana",0.72135001,1.15853
22,0.42473972,0.60139972,22003,"Allen, Louisiana",0.74840999,1.06445
22,0.42804798,0.61175913,22005,"Ascension, Louisiana",0.87848997,1.33892
22,0.43685818,0.66271371,22007,"Assumption, Louisiana",0.73692,1.14819
22,0.41394234,0.64315504,22009,"Avoyelles, Louisiana",0.62866002,1.05476
22,0.43838713,0.58419818,22011,"Beauregard, Louisiana",0.82858002,1.16311
22,0.38055626,0.57972085,22013,"Bienville, Louisiana",0.56870002,1.04351
22,0.38538492,0.58780122,22015,"Bossier, Louisiana",0.68825001,1.24798
22,0.35273945,0.5610556,22017,"Caddo, Louisiana",0.56309003,1.2222199
22,0.40455306,0.58924824,22019,"Calcasieu, Louisiana",0.76890999,1.2246799
22,0.4139114,0.64705795,22021,"Caldwell, Louisiana",0.71866,1.09692
22,0.48084509,0.63092405,22023,"Cameron, Louisiana",0.78324997,1.07104
22,0.40841839,0.64474678,22025,"Catahoula, Louisiana",0.69221002,1.04193
22,0.38977733,0.64354783,22027,"Claiborne, Louisiana",0.53834999,1.03403
22,0.39629099,0.61303174,22029,"Concordia, Louisiana",0.57236999,1.06257
22,0.37456313,0.58611768,22031,"De Soto, Louisiana",0.64191997,1.1827101
22,0.37446603,0.58117777,22033,"East Baton Rouge, Louisiana",0.72828001,1.34381
22,0.34897822,0.62015647,22035,"East Carroll, Louisiana",0.42721999,1.14375
22,0.38533607,0.58656657,22037,"East Feliciana, Louisiana",0.81941998,1.3189501
22,0.44356033,0.64852726,22039,"Evangeline, Louisiana",0.64047003,1.07143
22,0.39199811,0.64178348,22041,"Franklin, Louisiana",0.60131001,1.02869
22,0.41680986,0.59778059,22043,"Grant, Louisiana",0.75945997,1.1483099
22,0.39606315,0.60029441,22045,"Iberia, Louisiana",0.65674001,1.1087199
22,0.39024079,0.59865105,22047,"Iberville, Louisiana",0.75871003,1.25985
22,0.40862638,0.62143213,22049,"Jackson, Louisiana",0.65794998,1.1170501
22,0.40101612,0.5876146,22051,"Jefferson, Louisiana",0.67338997,1.26515
22,0.42753133,0.60249841,22053,"Jefferson Davis, Louisiana",0.75457001,1.14223
22,0.41567531,0.60318124,22055,"Lafayette, Louisiana",0.77750999,1.33083
22,0.44511691,0.65558267,22057,"Lafourche, Louisiana",0.77956003,1.2587301
22,0.45788354,0.68703538,22059,"La Salle, Louisiana",0.81308001,1.1558
22,0.38819811,0.6053555,22061,"Lincoln, Louisiana",0.66459,1.29263
22,0.42246807,0.59656084,22063,"Livingston, Louisiana",0.94003999,1.26403
22,0.33969411,0.54498678,22065,"Madison, Louisiana",0.45612001,0.94128001
22,0.34919366,0.56163466,22067,"Morehouse, Louisiana",0.55290002,0.99698001
22,0.37971714,0.59465837,22069,"Natchitoches, Louisiana",0.62965,1.11564
22,0.34117615,0.53583407,22071,"Orleans, Louisiana",0.76718003,1.47513
22,0.36438304,0.57048863,22073,"Ouachita, Louisiana",0.65191001,1.19753
22,0.41935408,0.59215498,22075,"Plaquemines, Louisiana",0.81713003,1.24997
22,0.38425833,0.61727434,22077,"Pointe Coupee, Louisiana",0.75199997,1.20963
22,0.37821093,0.56905413,22079,"Rapides, Louisiana",0.69208997,1.17888
22,0.3852675,0.57134247,22081,"Red River, Louisiana",0.54865998,0.94225001
22,0.38116279,0.59185755,22083,"Richland, Louisiana",0.61541998,1.1352201
22,0.46224973,0.63231266,22085,"Sabine, Louisiana",0.68944001,1.03256
22,0.42134202,0.60484058,22087,"St. Bernard, Louisiana",0.68550998,1.14975
22,0.43519869,0.61091584,22089,"St. Charles, Louisiana",0.82530999,1.31592
22,0.35049286,0.57445931,22091,"St. Helena, Louisiana",0.61996001,0.97834998
22,0.40171847,0.67421728,22093,"St. James, Louisiana",0.80517,1.2501301
22,0.38655421,0.60304111,22095,"St. John the Baptist, Louisiana",0.67254001,1.09079
22,0.42126897,0.62772083,22097,"St. Landry, Louisiana",0.63002002,1.08845
22,0.41262448,0.60403281,22099,"St. Martin, Louisiana",0.71564001,1.14192
22,0.39338082,0.61703926,22101,"St. Mary, Louisiana",0.61085999,1.06802
22,0.41501918,0.57948107,22103,"St. Tammany, Louisiana",0.88546997,1.388
22,0.39190608,0.59392416,22105,"Tangipahoa, Louisiana",0.71471,1.2031699
22,0.40554598,4.1000729,22107,"Tensas, Louisiana",,
22,0.43609008,0.62075788,22109,"Terrebonne, Louisiana",0.74675,1.19815
22,0.38465479,0.57937944,22111,"Union, Louisiana",0.65164,1.1102
22,0.45301163,0.62711591,22113,"Vermilion, Louisiana",0.81865001,1.2324899
22,0.41497687,0.57216853,22115,"Vernon, Louisiana",0.84250998,1.16931
22,0.36499986,0.55745482,22117,"Washington, Louisiana",0.62948,1.02343
22,0.38298273,0.60474283,22119,"Webster, Louisiana",0.60824001,1.08979
22,0.37793484,0.61606663,22121,"West Baton Rouge, Louisiana",0.77104998,1.25011
22,0.46181634,0.60316986,22123,"West Carroll, Louisiana",0.68151999,1.06309
22,0.39882162,0.56591129,22125,"West Feliciana, Louisiana",0.84362,1.32722
22,0.39765495,0.57633501,22127,"Winn, Louisiana",0.61144,1.0103199
23,0.417816625625,0.57107752875,23000,"State average, Maine",0.841684371875,1.2755200125
23,0.4088186,0.58245027,23001,"Androscoggin, Maine",0.79014999,1.25877
23,0.42492422,0.59958941,23003,"Aroostook, Maine",0.75547999,1.14026
23,0.4253554,0.58070183,23005,"Cumberland, Maine",1.05884,1.5459501
23,0.4389846,0.5788908,23007,"Franklin, Maine",0.82718998,1.2461801
23,0.41536728,0.55666232,23009,"Hancock, Maine",0.86374003,1.31454
23,0.41804555,0.5808441,23011,"Kennebec, Maine",0.82814002,1.25065
23,0.41698584,0.56305766,23013,"Knox, Maine",0.85984999,1.32671
23,0.4243992,0.57255852,23015,"Lincoln, Maine",0.85930002,1.31814
23,0.41302282,0.57810491,23017,"Oxford, Maine",0.80254,1.23052
23,0.40643802,0.58066893,23019,"Penobscot, Maine",0.85664999,1.2870899
23,0.45324081,0.5739066,23021,"Piscataquis, Maine",0.77823001,1.2045701
23,0.39658928,0.5447467,23023,"Sagadahoc, Maine",0.93840998,1.3723
23,0.41440207,0.56756055,23025,"Somerset, Maine",0.72096997,1.12597
23,0.40438923,0.55299646,23027,"Waldo, Maine",0.81066,1.29026
23,0.38664654,0.53992736,23029,"Washington, Maine",0.70222998,1.0574
23,0.43745655,0.58457404,23031,"York, Maine",1.01457,1.43901
24,0.409572225833333,0.583873750416667,24000,"State average, Maryland",0.948747494166667,1.36217042916667
24,0.41385791,0.60460764,24001,"Allegany, Maryland",0.85816002,1.12852
24,0.40985861,0.5913744,24003,"Anne Arundel, Maryland",1.06954,1.49367
24,0.40866002,0.59111351,24005,"Baltimore County, Maryland",0.88024998,1.4086699
24,0.43391284,0.59252661,24009,"Calvert, Maryland",1.20354,1.4940701
24,0.37359697,0.55482215,24011,"Caroline, Maryland",0.81958997,1.20996
24,0.45682305,0.61428785,24013,"Carroll, Maryland",1.20996,1.57892
24,0.39059672,0.56739926,24015,"Cecil, Maryland",0.98762,1.3678401
24,0.4193733,0.58106905,24017,"Charles, Maryland",1.02714,1.3290401
24,0.37366152,0.56675458,24019,"Dorchester, Maryland",0.67486,1.1112601
24,0.43434927,0.60387683,24021,"Frederick, Maryland",1.06832,1.53777
24,0.45047498,0.60224926,24023,"Garrett, Maryland",0.94959998,1.15062
24,0.41030312,0.59654528,24025,"Harford, Maryland",1.1076,1.5160201
24,0.45784339,0.62161624,24027,"Howard, Maryland",1.1458499,1.55528
24,0.38700709,0.59902,24029,"Kent, Maryland",0.91715997,1.38404
24,0.47862777,0.62229705,24031,"Montgomery, Maryland",0.99388999,1.54663
24,0.38851675,0.52698475,24033,"Prince George's, Maryland",0.83344001,1.29755
24,0.42995813,0.60174656,24035,"Queen Anne's, Maryland",1.07447,1.49401
24,0.42292321,0.60451126,24037,"St. Mary's, Maryland",1.06085,1.42928
24,0.37838495,0.54171658,24039,"Somerset, Maryland",0.70286,1.06367
24,0.41151711,0.58675629,24041,"Talbot, Maryland",0.85333002,1.37789
24,0.40639466,0.58862942,24043,"Washington, Maryland",0.91908997,1.30602
24,0.38088378,0.56810188,24045,"Wicomico, Maryland",0.72296,1.1743799
24,0.39132497,0.58462369,24047,"Worcester, Maryland",0.96828002,1.37884
24,0.3208833,0.50033987,24510,"Baltimore City, Maryland",0.72158003,1.35814
25,0.449206884285714,0.60113941,25000,"State average, Massachusetts",0.928555005714286,1.54149570714286
25,0.45080459,0.59289646,25001,"Barnstable, Massachusetts",1.06256,1.5596
25,0.4101935,0.58721465,25003,"Berkshire, Massachusetts",0.89658999,1.3652
25,0.43598461,0.60787368,25005,"Bristol, Massachusetts",0.80197001,1.4571
25,0.46205226,0.5721159,25007,"Dukes, Massachusetts",0.91086,1.55601
25,0.44890165,0.6105485,25009,"Essex, Massachusetts",0.80094999,1.58734
25,0.43256408,0.58328164,25011,"Franklin, Massachusetts",1.0703,1.47007
25,0.40453303,0.59596062,25013,"Hampden, Massachusetts",0.62908,1.41018
25,0.44985622,0.59637958,25015,"Hampshire, Massachusetts",1.1361901,1.58252
25,0.48009285,0.62890249,25017,"Middlesex, Massachusetts",1.01036,1.6471699
25,0.50685829,0.60954267,25019,"Nantucket, Massachusetts",0.69371998,1.4708
25,0.50397575,0.64077902,25021,"Norfolk, Massachusetts",1.19322,1.70135
25,0.44852391,0.61370134,25023,"Plymouth, Massachusetts",1.0186,1.59602
25,0.41368276,0.5681864,25025,"Suffolk, Massachusetts",0.84057999,1.62709
25,0.44087288,0.60856879,25027,"Worcester, Massachusetts",0.93479002,1.55049
26,0.412643436626506,0.576577756626506,26000,"State average, Michigan",0.803007805853658,1.25265487804878
26,0.40779051,0.60082483,26001,"Alcona, Michigan",0.72495002,1.12187
26,0.42857838,0.57149291,26003,"Alger, Michigan",0.89855999,1.23128
26,0.40942612,0.58104807,26005,"Allegan, Michigan",0.90799999,1.37114
26,0.41741285,0.58875453,26007,"Alpena, Michigan",0.74457002,1.1577899
26,0.41294548,0.56825465,26009,"Antrim, Michigan",0.79009998,1.25032
26,0.4376989,0.5911119,26011,"Arenac, Michigan",0.68506002,1.07864
26,0.39953074,0.57427019,26013,"Baraga, Michigan",0.74835998,1.1505899
26,0.41403389,0.57117748,26015,"Barry, Michigan",0.91921997,1.34057
26,0.40940118,0.57609004,26017,"Bay, Michigan",0.76617002,1.23991
26,0.39704505,0.54050958,26019,"Benzie, Michigan",0.8233,1.27415
26,0.37403709,0.57467574,26021,"Berrien, Michigan",0.71069998,1.33592
26,0.40537995,0.57406586,26023,"Branch, Michigan",0.70953,1.14825
26,0.36964995,0.5615043,26025,"Calhoun, Michigan",0.68671,1.21995
26,4.959184,0.56761593,26027,"Cass, Michigan",0.74438,1.21659
26,0.39611453,0.57393545,26029,"Charlevoix, Michigan",0.85376,1.29801
26,0.40181077,0.55915356,26031,"Cheboygan, Michigan",0.75452,1.14572
26,0.40026516,0.5693652,26033,"Chippewa, Michigan",0.81931001,1.2254601
26,0.39791408,0.56850141,26035,"Clare, Michigan",0.68102002,1.15482
26,0.44474849,0.59849524,26037,"Clinton, Michigan",0.95652002,1.3879
26,0.38827714,0.51468354,26039,"Crawford, Michigan",0.72381002,1.1360199
26,0.44285384,0.595415,26041,"Delta, Michigan",0.79878998,1.20341
26,0.43255693,0.60686994,26043,"Dickinson, Michigan",0.85292,1.25783
26,0.41508773,0.57156247,26045,"Eaton, Michigan",0.88549,1.3297499
26,0.43566972,0.5736925,26047,"Emmet, Michigan",0.89324999,1.37651
26,0.35446975,0.52256346,26049,"Genesee, Michigan",0.63094997,1.23913
26,0.40157494,0.58563268,26051,"Gladwin, Michigan",0.74675,1.15072
26,0.46532544,0.63529521,26053,"Gogebic, Michigan",0.79926997,1.21287
26,0.43030715,0.58098483,26055,"Grand Traverse, Michigan",0.96485001,1.43111
26,0.40843442,0.59116113,26057,"Gratiot, Michigan",0.78051001,1.23081
26,0.41318259,0.5617069,26059,"Hillsdale, Michigan",0.75218999,1.20162
26,0.46571127,0.63659191,26061,"Houghton, Michigan",0.98352998,1.37509
26,0.4853861,0.61882263,26063,"Huron, Michigan",0.79988998,1.21082
26,0.38008961,0.56438577,26065,"Ingham, Michigan",0.84715003,1.42294
26,0.40467933,0.58838648,26067,"Ionia, Michigan",0.84526002,1.28009
26,0.38875544,0.57015651,26069,"Iosco, Michigan",0.71617001,1.12895
26,0.44194296,0.61312431,26071,"Iron, Michigan",0.79663002,1.23157
26,0.41172403,0.59465945,26073,"Isabella, Michigan",0.83946002,1.2978801
26,0.38351905,0.56185079,26075,"Jackson, Michigan",0.76345003,1.2635601
26,0.38048574,0.57697016,26077,"Kalamazoo, Michigan",0.85193002,1.42364
26,0.38487574,0.54296386,26079,"Kalkaska, Michigan",0.74430001,1.15465
26,0.38383818,0.57771504,26081,"Kent, Michigan",0.86475998,1.49247
26,0.48774484,0.56071073,26083,"Keweenaw, Michigan",,
26,0.39736959,0.55783957,26085,"Lake, Michigan",0.57981002,1.10796
26,0.42103204,0.55248249,26087,"Lapeer, Michigan",0.87651998,1.25266
26,0.4403294,0.58847868,26089,"Leelanau, Michigan",1.03026,1.48588
26,0.4141883,0.55838788,26091,"Lenawee, Michigan",0.84977001,1.2756701
26,0.43070033,0.57298172,26093,"Livingston, Michigan",1.1063499,1.49622
26,0.39681903,0.55918247,26095,"Luce, Michigan",0.75418001,1.11396
26,0.4235051,0.58919966,26097,"Mackinac, Michigan",0.8344,1.24971
26,0.42907128,0.57934546,26099,"Macomb, Michigan",0.82560998,1.31306
26,0.41817334,0.5930028,26101,"Manistee, Michigan",0.78073001,1.23681
26,0.43134007,0.59867382,26103,"Marquette, Michigan",1.00454,1.3756
26,0.40929717,0.58192426,26105,"Mason, Michigan",0.77788001,1.25447
26,0.4007957,0.57767779,26107,"Mecosta, Michigan",0.80195999,1.2529401
26,0.46821252,0.61928153,26109,"Menominee, Michigan",0.78579998,1.19388
26,0.40631956,0.5857572,26111,"Midland, Michigan",0.89341003,1.37166
26,0.43199611,0.6000964,26113,"Missaukee, Michigan",0.71429002,1.19073
26,0.41912279,0.56642896,26115,"Monroe, Michigan",0.89091003,1.2980601
26,0.38972375,0.56344867,26117,"Montcalm, Michigan",0.80910999,1.20643
26,0.43575582,0.5993675,26119,"Montmorency, Michigan",0.75325,1.1497999
26,0.36147547,0.56071401,26121,"Muskegon, Michigan",0.73636001,1.24499
26,0.40630957,0.56557661,26123,"Newaygo, Michigan",0.78179002,1.21984
26,0.40980926,0.5746032,26125,"Oakland, Michigan",0.9016,1.50156
26,0.41063997,0.5810377,26127,"Oceana, Michigan",0.69225001,1.20499
26,0.41179621,0.58005661,26129,"Ogemaw, Michigan",0.71077001,1.11016
26,0.45168152,0.61393231,26131,"Ontonagon, Michigan",0.89139998,1.22059
26,0.41272697,0.5898627,26133,"Osceola, Michigan",0.71890002,1.1555099
26,0.40533853,0.54103118,26135,"Oscoda, Michigan",0.71429998,1.0531
26,0.41783553,0.58823621,26137,"Otsego, Michigan",0.80593002,1.21102
26,0.43631768,0.60193956,26139,"Ottawa, Michigan",0.98351997,1.5027
26,0.4794012,0.61136431,26141,"Presque Isle, Michigan",0.78723001,1.13352
26,0.40182894,0.55801642,26143,"Roscommon, Michigan",0.7439,1.18536
26,0.37131971,0.55224556,26145,"Saginaw, Michigan",0.66187,1.2395101
26,0.40010503,0.56278574,26147,"St. Clair, Michigan",0.81867999,1.22664
26,0.393507,0.57282591,26149,"St. Joseph, Michigan",0.74633998,1.22595
26,0.44634727,0.58494192,26151,"Sanilac, Michigan",0.76402003,1.1303999
26,0.42571819,0.55363119,26153,"Schoolcraft, Michigan",0.74065,1.15633
26,0.40083379,0.56449997,26155,"Shiawassee, Michigan",0.84719998,1.26603
26,0.42043424,0.56242841,26157,"Tuscola, Michigan",0.76156002,1.13757
26,0.38549662,0.56417996,26159,"Van Buren, Michigan",0.77098,1.31341
26,0.39719823,0.56157023,26161,"Washtenaw, Michigan",1.06823,1.56935
26,0.34619635,0.52276915,26163,"Wayne, Michigan",0.61658001,1.31016
26,0.384056,0.58739591,26165,"Wexford, Michigan",0.70775002,1.17319
27,0.507374176321839,0.648134359770115,27000,"State average, Minnesota",1.04790632103448,1.46220401609195
27,0.49990597,0.64355594,27001,"Aitkin, Minnesota",1.0183001,1.36674
27,0.45720306,0.6102953,27003,"Anoka, Minnesota",1.03045,1.51989
27,0.48389137,0.6469301,27005,"Becker, Minnesota",0.98914999,1.43507
27,0.44415173,0.63225311,27007,"Beltrami, Minnesota",0.75983,1.3915
27,0.49316561,0.63955283,27009,"Benton, Minnesota",1.17286,1.4831899
27,0.59775043,0.68702739,27011,"Big Stone, Minnesota",1.17421,1.51779
27,0.49251121,0.6271202,27013,"Blue Earth, Minnesota",1.13203,1.51869
27,0.5395419,0.67073917,27015,"Brown, Minnesota",1.14209,1.47079
27,0.44485098,0.62018472,27017,"Carlton, Minnesota",1.02415,1.41178
27,0.51706254,0.64444035,27019,"Carver, Minnesota",1.2180099,1.65369
27,0.43999028,0.60080153,27021,"Cass, Minnesota",0.77647001,1.29856
27,0.51290494,0.64555252,27023,"Chippewa, Minnesota",0.86171001,1.4395601
27,0.48730278,0.60980755,27025,"Chisago, Minnesota",1.20342,1.50782
27,0.49051017,0.65716225,27027,"Clay, Minnesota",1.04096,1.53822
27,0.5180341,0.66352487,27029,"Clearwater, Minnesota",0.93194002,1.30968
27,0.50660127,0.55422544,27031,"Cook, Minnesota",1.13227,1.46137
27,0.5147472,0.67232126,27033,"Cottonwood, Minnesota",0.86575001,1.4033
27,0.46150848,0.60863024,27035,"Crow Wing, Minnesota",1.04995,1.42471
27,0.48008886,0.62880105,27037,"Dakota, Minnesota",1.07026,1.57144
27,0.52617854,0.64611578,27039,"Dodge, Minnesota",1.1513799,1.53251
27,0.52991039,0.66062838,27041,"Douglas, Minnesota",1.17767,1.5233999
27,0.50486076,0.66170394,27043,"Faribault, Minnesota",0.92145002,1.4370199
27,0.55562162,0.66076338,27045,"Fillmore, Minnesota",1.19946,1.49534
27,0.48602092,0.63231051,27047,"Freeborn, Minnesota",0.89091998,1.3494999
27,0.50176322,0.64921016,27049,"Goodhue, Minnesota",1.15031,1.51222
27,0.5536204,0.65015018,27051,"Grant, Minnesota",1.15798,1.49912
27,0.42896372,0.60704798,27053,"Hennepin, Minnesota",0.97632003,1.60571
27,0.5179854,0.64083964,27055,"Houston, Minnesota",1.1802,1.48176
27,0.46577936,0.62399626,27057,"Hubbard, Minnesota",0.99961001,1.37473
27,0.47372139,0.60793555,27059,"Isanti, Minnesota",1.1776201,1.46083
27,0.47810489,0.62375641,27061,"Itasca, Minnesota",0.97575998,1.38436
27,0.54305971,0.67168504,27063,"Jackson, Minnesota",1.06769,1.45578
27,0.47493783,0.62461293,27065,"Kanabec, Minnesota",0.99628001,1.37577
27,0.50997913,0.65650815,27067,"Kandiyohi, Minnesota",0.89806002,1.47791
27,0.5701139,0.68929505,27069,"Kittson, Minnesota",1.21296,1.48943
27,0.44780871,0.62223607,27071,"Koochiching, Minnesota",0.96885002,1.29414
27,0.51369107,0.68966925,27073,"Lac qui Parle, Minnesota",1.20034,1.5059201
27,0.45806772,0.62535506,27075,"Lake, Minnesota",1.1386,1.43163
27,0.52433562,0.61550224,27077,"Lake of the Woods, Minnesota",1.12264,1.42331
27,0.50853354,0.65674049,27079,"Le Sueur, Minnesota",1.09262,1.4961801
27,0.58485663,0.72700661,27081,"Lincoln, Minnesota",1.20188,1.48794
27,0.49687478,0.66891104,27083,"Lyon, Minnesota",1.01829,1.50291
27,0.51024127,0.65413576,27085,"McLeod, Minnesota",1.1631,1.49744
27,0.47822601,0.62342459,27087,"Mahnomen, Minnesota",0.58665001,1.21672
27,0.55941045,0.6712628,27089,"Marshall, Minnesota",1.1634099,1.47142
27,0.50299448,0.65141493,27091,"Martin, Minnesota",0.9472,1.43416
27,0.52968788,0.65258312,27093,"Meeker, Minnesota",1.13625,1.44916
27,0.45090997,0.64738965,27095,"Mille Lacs, Minnesota",1.08468,1.42265
27,0.50174671,0.66132522,27097,"Morrison, Minnesota",1.02246,1.36369
27,0.46404848,0.62960899,27099,"Mower, Minnesota",0.80070001,1.39271
27,0.53085798,0.70318383,27101,"Murray, Minnesota",1.09631,1.47559
27,0.51765668,0.63770974,27103,"Nicollet, Minnesota",1.16146,1.54084
27,0.50593787,0.66977429,27105,"Nobles, Minnesota",0.65442997,1.36895
27,0.53244913,0.66459817,27107,"Norman, Minnesota",1.04493,1.4794199
27,0.47980082,0.62211472,27109,"Olmsted, Minnesota",1.11134,1.57224
27,0.51183051,0.65626216,27111,"Otter Tail, Minnesota",1.0625401,1.46648
27,0.52545834,0.65916121,27113,"Pennington, Minnesota",1.06635,1.42667
27,0.46650174,0.63196957,27115,"Pine, Minnesota",0.99388999,1.35128
27,0.55581623,0.66961259,27117,"Pipestone, Minnesota",0.99159998,1.48149
27,0.50412476,0.65814751,27119,"Polk, Minnesota",1.0387599,1.48018
27,0.56056631,0.67037511,27121,"Pope, Minnesota",1.1796499,1.4953099
27,0.43631899,0.60800284,27123,"Ramsey, Minnesota",0.85487002,1.56054
27,0.59171915,0.69051158,27125,"Red Lake, Minnesota",1.13307,1.44558
27,0.54703748,0.65999961,27127,"Redwood, Minnesota",1.07268,1.46883
27,0.56033278,0.67264169,27129,"Renville, Minnesota",1.03032,1.44491
27,0.47539917,0.6293987,27131,"Rice, Minnesota",1.0545,1.49733
27,0.54322362,0.69474941,27133,"Rock, Minnesota",1.13959,1.52335
27,0.50463551,0.65361768,27135,"Roseau, Minnesota",1.03732,1.41199
27,0.45270988,0.61937404,27137,"St. Louis, Minnesota",1.02886,1.4611
27,0.49627382,0.63055396,27139,"Scott, Minnesota",1.08085,1.57163
27,0.47026181,0.62263489,27141,"Sherburne, Minnesota",1.13634,1.5358599
27,0.55381376,0.67069393,27143,"Sibley, Minnesota",1.05668,1.48631
27,0.53795958,0.6545198,27145,"Stearns, Minnesota",1.0326101,1.48009
27,0.47574529,0.64355582,27147,"Steele, Minnesota",1.02923,1.45885
27,0.54486227,0.69456816,27149,"Stevens, Minnesota",0.95367002,1.52022
27,0.52305478,0.68062443,27151,"Swift, Minnesota",1.00713,1.4745899
27,0.52925986,0.64951241,27153,"Todd, Minnesota",0.91159999,1.34165
27,0.59424144,0.64150453,27155,"Traverse, Minnesota",1.02214,1.50596
27,0.53709674,0.64678979,27157,"Wabasha, Minnesota",1.1791199,1.50459
27,0.52850485,0.62739414,27159,"Wadena, Minnesota",1.04469,1.36077
27,0.50191259,0.64747667,27161,"Waseca, Minnesota",1.06423,1.43426
27,0.48994306,0.62935382,27163,"Washington, Minnesota",1.1604199,1.57002
27,0.46542308,0.67176092,27165,"Watonwan, Minnesota",0.81116003,1.39772
27,0.51086771,0.68311572,27167,"Wilkin, Minnesota",1.10428,1.4734499
27,0.50515038,0.64022952,27169,"Winona, Minnesota",1.1096801,1.50885
27,0.49544415,0.62785107,27171,"Wright, Minnesota",1.25228,1.57533
27,0.54558384,0.68829429,27173,"Yellow Medicine, Minnesota",1.08412,1.49036
28,0.367311654634146,0.577144208414634,28000,"State average, Mississippi",0.634397216075949,1.0383275986076
28,0.37504467,0.57562029,28001,"Adams, Mississippi",0.52726001,1.00966
28,0.36768252,0.54807043,28003,"Alcorn, Mississippi",0.68052,1.08468
28,0.39920846,0.5995062,28005,"Amite, Mississippi",0.60856998,0.99473
28,0.38877356,0.61673599,28007,"Attala, Mississippi",0.58020997,1.0127701
28,0.35974878,0.5202902,28009,"Benton, Mississippi",0.70244002,1.0728101
28,0.34199458,0.57687098,28011,"Bolivar, Mississippi",0.55483001,1.0621099
28,0.37752181,0.57304412,28013,"Calhoun, Mississippi",0.60247999,0.99285001
28,0.3854796,0.62293601,28015,"Carroll, Mississippi",0.65749002,1.02386
28,0.35427555,0.57175833,28017,"Chickasaw, Mississippi",0.57459998,0.96420002
28,0.41147363,0.64604706,28019,"Choctaw, Mississippi",0.69454998,1.13483
28,0.31584713,0.51207191,28021,"Claiborne, Mississippi",0.43199,0.7288
28,0.38183421,0.60101628,28023,"Clarke, Mississippi",0.70547998,1.06501
28,0.32704991,0.53338432,28025,"Clay, Mississippi",0.54637003,1.0035599
28,0.32491589,0.56194502,28027,"Coahoma, Mississippi",0.43441999,0.88450998
28,0.349796,0.56978762,28029,"Copiah, Mississippi",0.56206,1.0181
28,0.38875395,0.61420572,28031,"Covington, Mississippi",0.62176001,1.02031
28,0.37621981,0.55081612,28033,"DeSoto, Mississippi",0.69832999,1.16254
28,0.36124739,0.55933499,28035,"Forrest, Mississippi",0.69357002,1.15344
28,0.40033549,0.59710622,28037,"Franklin, Mississippi",0.64894003,1.05968
28,0.45684418,0.57716638,28039,"George, Mississippi",0.78865999,1.11269
28,0.43929678,0.60378122,28041,"Greene, Mississippi",0.72386003,1.04498
28,0.34372815,0.55139887,28043,"Grenada, Mississippi",0.60509998,0.88160002
28,0.39920369,0.57095367,28045,"Hancock, Mississippi",0.73575002,1.11949
28,0.36542389,0.55191422,28047,"Harrison, Mississippi",0.69721001,1.13851
28,0.32851696,0.54804111,28049,"Hinds, Mississippi",0.60742003,1.10184
28,0.35255975,0.58926862,28051,"Holmes, Mississippi",0.45950001,0.70062
28,0.31566256,0.54883248,28053,"Humphreys, Mississippi",0.4305,0.82143998
28,0.38336059,0.58181304,28057,"Itawamba, Mississippi",0.81233001,1.12801
28,0.37339821,0.54620159,28059,"Jackson, Mississippi",0.68848997,1.13653
28,0.36154282,0.61745995,28061,"Jasper, Mississippi",0.61036003,0.98711002
28,0.34924489,0.46286768,28063,"Jefferson, Mississippi",,
28,0.37069991,0.57199281,28065,"Jefferson Davis, Mississippi",0.54497999,0.84380001
28,0.37908733,0.59824145,28067,"Jones, Mississippi",0.62312001,1.1011
28,0.36535671,0.58122772,28069,"Kemper, Mississippi",0.56220001,1.00386
28,0.36890829,0.56928051,28071,"Lafayette, Mississippi",0.86812001,1.36482
28,0.42175326,0.5908246,28073,"Lamar, Mississippi",0.78457999,1.22659
28,0.34752831,0.57015187,28075,"Lauderdale, Mississippi",0.62093002,1.10809
28,0.40176281,0.61072546,28077,"Lawrence, Mississippi",0.68703002,1.03642
28,0.38700941,0.61326236,28079,"Leake, Mississippi",0.58191001,0.977
28,0.35997432,0.54826921,28081,"Lee, Mississippi",0.67948997,1.13907
28,0.32071015,0.57724941,28083,"Leflore, Mississippi",0.48482001,0.95225
28,0.39423168,0.5799036,28085,"Lincoln, Mississippi",0.66824001,1.1111799
28,0.34362707,0.56105173,28087,"Lowndes, Mississippi",0.65670002,1.186
28,0.37323752,0.58152735,28089,"Madison, Mississippi",0.69121999,1.3690701
28,0.39619529,0.62843668,28091,"Marion, Mississippi",0.64744002,1.03105
28,0.33582988,0.51423526,28093,"Marshall, Mississippi",0.71250999,1.12931
28,0.36063543,0.55999607,28095,"Monroe, Mississippi",0.68526,1.11727
28,0.36522073,0.61639178,28097,"Montgomery, Mississippi",0.61407,1.00947
28,0.34813288,0.57729059,28099,"Neshoba, Mississippi",0.57703,1.02394
28,0.37113309,0.62287569,28101,"Newton, Mississippi",0.64459002,1.1034
28,0.35042995,0.58578146,28103,"Noxubee, Mississippi",0.50427002,0.82344002
28,0.35383198,0.57986605,28105,"Oktibbeha, Mississippi",0.75051999,1.29626
28,0.33009189,0.57308763,28107,"Panola, Mississippi",0.59382999,0.98812997
28,0.39457119,0.56713188,28109,"Pearl River, Mississippi",0.76780999,1.09047
28,0.40115502,0.58811569,28111,"Perry, Mississippi",0.76682001,1.0799201
28,0.36734095,0.58046526,28113,"Pike, Mississippi",0.52130002,0.93381
28,0.37430236,0.56550008,28115,"Pontotoc, Mississippi",0.70828998,1.12459
28,0.35423991,0.55899084,28117,"Prentiss, Mississippi",0.71544999,1.09453
28,0.3264325,0.57477885,28119,"Quitman, Mississippi",0.48859999,0.84235001
28,0.39350313,0.5756886,28121,"Rankin, Mississippi",0.86145997,1.2731
28,0.36288169,0.60742885,28123,"Scott, Mississippi",0.55216998,0.96380001
28,0.36990589,0.6465103,28125,"Sharkey, Mississippi",,
28,0.38821259,0.58325636,28127,"Simpson, Mississippi",0.70289999,1.0809
28,0.40222198,0.59769815,28129,"Smith, Mississippi",0.71680999,1.05882
28,0.39337215,0.5848,28131,"Stone, Mississippi",0.73018998,1.04309
28,0.32047167,0.54445148,28133,"Sunflower, Mississippi",0.45051,0.86461002
28,0.32572088,0.57662445,28135,"Tallahatchie, Mississippi",0.48157001,0.79639
28,0.3541832,0.5772081,28137,"Tate, Mississippi",0.73935997,1.196
28,0.37895089,0.59131253,28139,"Tippah, Mississippi",0.71019,1.05694
28,0.4073903,0.5989033,28141,"Tishomingo, Mississippi",0.75365001,1.04798
28,0.2929447,0.50462472,28143,"Tunica, Mississippi",0.43650001,0.77029002
28,0.37198484,0.58072627,28145,"Union, Mississippi",0.75875002,1.14153
28,0.39530692,0.60163522,28147,"Walthall, Mississippi",0.57837999,0.91320997
28,0.34859562,0.55810028,28149,"Warren, Mississippi",0.64959002,1.07787
28,0.31880808,0.54214299,28151,"Washington, Mississippi",0.46313,0.88053
28,0.390277,0.61479443,28153,"Wayne, Mississippi",0.67897999,0.99952
28,0.40004888,0.62224817,28155,"Webster, Mississippi",0.77095997,1.17612
28,0.37137654,0.53835779,28157,"Wilkinson, Mississippi",0.51727998,0.94760001
28,0.34470138,0.58610821,28159,"Winston, Mississippi",0.57770002,1.0492001
28,0.34800512,0.58278507,28161,"Yalobusha, Mississippi",0.63774002,0.99144
28,0.35209519,0.57672501,28163,"Yazoo, Mississippi",0.51337999,0.97048002
29,0.424262549391304,0.591023216695652,29000,"State average, Missouri",0.845587280877193,1.26532929736842
29,0.4404617,0.58867651,29001,"Adair, Missouri",0.88072002,1.3870699
29,0.46255484,0.59513181,29003,"Andrew, Missouri",1.05957,1.40714
29,0.46768302,0.63807285,29005,"Atchison, Missouri",0.97996002,1.36185
29,0.39991674,0.59530443,29007,"Audrain, Missouri",0.79408002,1.24558
29,0.41333944,0.56778347,29009,"Barry, Missouri",0.73288,1.16811
29,0.43877837,0.60328752,29011,"Barton, Missouri",0.82981002,1.25862
29,0.40957662,0.61713654,29013,"Bates, Missouri",0.91988999,1.29485
29,0.42992893,0.5550679,29015,"Benton, Missouri",0.80689001,1.20573
29,0.42017463,0.56467253,29017,"Bollinger, Missouri",0.80588001,1.1663001
29,0.4057433,0.57500589,29019,"Boone, Missouri",0.9393,1.49104
29,0.38505778,0.58860219,29021,"Buchanan, Missouri",0.78388,1.35782
29,0.37703159,0.55746108,29023,"Butler, Missouri",0.69722998,1.17328
29,0.44732481,0.60648638,29025,"Caldwell, Missouri",0.97439998,1.31115
29,0.39146373,0.58487874,29027,"Callaway, Missouri",0.87033999,1.30759
29,0.42105731,0.57182515,29029,"Camden, Missouri",0.87019002,1.30047
29,0.40172946,0.59835595,29031,"Cape Girardeau, Missouri",0.88044,1.37963
29,0.4593648,0.6516121,29033,"Carroll, Missouri",0.88050002,1.28416
29,0.41192135,0.53094107,29035,"Carter, Missouri",0.74786001,1.10026
29,0.43578479,0.57944566,29037,"Cass, Missouri",0.97582,1.39703
29,0.42231464,0.59409279,29039,"Cedar, Missouri",0.84109002,1.20683
29,0.49051362,0.64388949,29041,"Chariton, Missouri",0.97096997,1.3253
29,0.42934361,0.56934154,29043,"Christian, Missouri",0.99311,1.386
29,0.46679744,0.63660377,29045,"Clark, Missouri",0.79117,1.18223
29,0.42928424,0.58398366,29047,"Clay, Missouri",0.96674001,1.46074
29,0.44820085,0.58914387,29049,"Clinton, Missouri",0.98892999,1.3661
29,0.4267067,0.59844363,29051,"Cole, Missouri",0.90219998,1.3827699
29,0.42850697,0.6005733,29053,"Cooper, Missouri",0.86589003,1.32923
29,0.3930003,0.57421654,29055,"Crawford, Missouri",0.74965,1.1695499
29,0.43937325,0.63236159,29057,"Dade, Missouri",0.84232002,1.23314
29,0.42263252,0.55591917,29059,"Dallas, Missouri",0.80125999,1.15852
29,0.4480761,0.56336164,29061,"Daviess, Missouri",0.93577999,1.30454
29,0.46762732,0.62862682,29063,"DeKalb, Missouri",1.02937,1.36088
29,0.4208551,0.5932048,29065,"Dent, Missouri",0.72649997,1.13719
29,0.4330532,0.55202967,29067,"Douglas, Missouri",,
29,0.3725566,0.57844412,29069,"Dunklin, Missouri",0.62049001,1.11071
29,0.41598096,0.59583819,29071,"Franklin, Missouri",0.91658002,1.37292
29,0.41108873,0.59451288,29073,"Gasconade, Missouri",0.92989999,1.3380001
29,0.50934577,0.66145468,29075,"Gentry, Missouri",0.97992003,1.40518
29,0.40090463,0.56901211,29077,"Greene, Missouri",0.87432998,1.36859
29,0.42888629,0.60617369,29079,"Grundy, Missouri",0.87336999,1.2975399
29,0.44030774,0.58865619,29081,"Harrison, Missouri",0.91350001,1.2859499
29,0.42578089,0.59851056,29083,"Henry, Missouri",0.85105002,1.25534
29,0.42097229,0.59190494,29085,"Hickory, Missouri",0.81704003,1.15141
29,0.50805736,0.58077425,29087,"Holt, Missouri",1.0117,1.36164
29,0.43982202,0.59482789,29089,"Howard, Missouri",0.91316003,1.33125
29,0.42245573,0.58037668,29091,"Howell, Missouri",0.72566998,1.09882
29,0.3842949,0.55191815,29093,"Iron, Missouri",0.71837997,1.09724
29,0.36795825,0.55718672,29095,"Jackson, Missouri",0.79030001,1.44622
29,0.40233141,0.58269936,29097,"Jasper, Missouri",0.77467,1.28976
29,0.41378587,0.56900519,29099,"Jefferson, Missouri",0.97249001,1.40114
29,0.422793,0.58029789,29101,"Johnson, Missouri",1.00211,1.34069
29,0.48598111,0.61056393,29103,"Knox, Missouri",0.90811998,1.3283
29,0.40124795,0.56923592,29105,"Laclede, Missouri",0.73505002,1.17137
29,0.44228563,0.61162448,29107,"Lafayette, Missouri",0.94313997,1.35245
29,0.41430092,0.59763783,29109,"Lawrence, Missouri",0.78855997,1.19268
29,0.47075748,0.59522355,29111,"Lewis, Missouri",0.89155,1.2627
29,0.41786402,0.58095759,29113,"Lincoln, Missouri",0.97053999,1.36508
29,0.43976194,0.63872743,29115,"Linn, Missouri",0.92702001,1.28686
29,0.41280761,0.63527656,29117,"Livingston, Missouri",0.89129001,1.3349
29,0.41457376,0.53815895,29119,"McDonald, Missouri",0.66126001,1.10115
29,0.44164905,0.60629249,29121,"Macon, Missouri",0.88959002,1.25702
29,0.39775845,0.56950533,29123,"Madison, Missouri",0.78100002,1.13186
29,0.40421957,0.60692531,29125,"Maries, Missouri",0.90549999,1.27938
29,0.41125339,0.60001308,29127,"Marion, Missouri",0.78915,1.27925
29,0.44622874,0.66473937,29129,"Mercer, Missouri",0.92129999,1.2622401
29,0.40791965,0.61680925,29131,"Miller, Missouri",0.79863,1.19634
29,0.36373127,0.59658259,29133,"Mississippi, Missouri",0.59868002,1.11917
29,0.46126622,0.59909785,29135,"Moniteau, Missouri",0.84129,1.29333
29,0.44833803,0.61871082,29137,"Monroe, Missouri",0.90342999,1.26834
29,0.45145762,0.59880078,29139,"Montgomery, Missouri",0.87689,1.31951
29,0.41561142,0.58152127,29141,"Morgan, Missouri",0.76003999,1.1888601
29,0.37254074,0.56213748,29143,"New Madrid, Missouri",0.66044003,1.1341799
29,0.42228526,0.57660639,29145,"Newton, Missouri",0.75031,1.18854
29,0.4997378,0.65101069,29147,"Nodaway, Missouri",1.0439399,1.43516
29,0.43128556,0.5666551,29149,"Oregon, Missouri",0.75041997,1.07538
29,0.50156969,0.63652575,29151,"Osage, Missouri",1.02957,1.36008
29,0.43271038,0.56195706,29153,"Ozark, Missouri",0.75700003,1.10387
29,0.34130919,0.54544467,29155,"Pemiscot, Missouri",0.58319998,1.10357
29,0.45293745,0.6313079,29157,"Perry, Missouri",0.88116997,1.30686
29,0.41085437,0.59350604,29159,"Pettis, Missouri",0.73417002,1.22885
29,0.40694854,0.59331781,29161,"Phelps, Missouri",0.84004998,1.29203
29,0.42627484,0.61913168,29163,"Pike, Missouri",0.84051001,1.24192
29,0.44198084,0.60014766,29165,"Platte, Missouri",1.04626,1.53045
29,0.41980404,0.59170365,29167,"Polk, Missouri",0.83244002,1.2769901
29,0.39011943,0.54282427,29169,"Pulaski, Missouri",0.90042001,1.2275
29,0.46054402,0.62593293,29171,"Putnam, Missouri",0.86056,1.2677
29,0.43323889,0.59536946,29173,"Ralls, Missouri",0.89137,1.25248
29,0.37808424,0.57819194,29175,"Randolph, Missouri",0.79058999,1.23041
29,0.44011137,0.57750142,29177,"Ray, Missouri",0.90482998,1.28227
29,0.42049944,0.59549177,29179,"Reynolds, Missouri",0.75088,1.1219
29,0.38350832,0.55421567,29181,"Ripley, Missouri",0.70137,1.09155
29,0.44775596,0.59993243,29183,"St. Charles, Missouri",1.0878201,1.50907
29,0.44090995,0.59891999,29185,"St. Clair, Missouri",0.82225001,1.21175
29,0.44239402,0.64841002,29186,"Ste Genevieve, Missouri",0.91892999,1.3355401
29,0.38205546,0.56388062,29187,"St. Francois, Missouri",0.79751003,1.2096699
29,0.38539696,0.58502275,29189,"St. Louis County, Missouri",0.78839999,1.50343
29,0.39550439,0.61378431,29195,"Saline, Missouri",0.73493999,1.23074
29,0.47015521,0.52621508,29197,"Schuyler, Missouri",0.86242998,1.18668
29,0.44008654,0.61349583,29199,"Scotland, Missouri",0.91273999,1.28054
29,0.38469595,0.60051417,29201,"Scott, Missouri",0.73604,1.23033
29,0.42442185,0.56542212,29203,"Shannon, Missouri",0.68295002,1.06361
29,0.48499119,0.60729903,29205,"Shelby, Missouri",0.91101003,1.29857
29,0.40633106,0.58929265,29207,"Stoddard, Missouri",0.80798,1.2287
29,0.42115641,0.56574863,29209,"Stone, Missouri",0.81120002,1.2395999
29,0.44928899,0.61803377,29211,"Sullivan, Missouri",0.72105998,1.16337
29,0.41534194,0.56135243,29213,"Taney, Missouri",0.78805,1.26034
29,0.41527966,0.5696637,29215,"Texas, Missouri",0.72820997,1.06743
29,0.39664319,0.58732808,29217,"Vernon, Missouri",0.79631001,1.20839
29,0.42580205,0.58643401,29219,"Warren, Missouri",0.94367999,1.36366
29,0.39195049,0.54281414,29221,"Washington, Missouri",0.70084,1.0944901
29,0.40887582,0.57235575,29223,"Wayne, Missouri",0.71184999,1.08509
29,0.39538234,0.5777154,29225,"Webster, Missouri",0.87809998,1.26465
29,0.43590319,0.65487051,29227,"Worth, Missouri",0.97425997,1.28918
29,0.41471586,0.58856654,29229,"Wright, Missouri",0.72918999,1.1006
29,0.32729495,0.5280807,29510,"St. Louis City, Missouri",0.70038998,1.52653
30,0.495736563454545,0.625507579636364,30000,"State average, Montana",0.895602660222222,1.27465488644444
30,0.48788267,0.60736746,30001,"Beaverhead, Montana",0.96219999,1.3036799
30,0.40129736,0.57591122,30003,"Big Horn, Montana",0.48414001,0.98528999
30,0.43527099,0.56239742,30005,"Blaine, Montana",0.55576998,1.09095
30,0.5112471,0.60335892,30007,"Broadwater, Montana",0.91826999,1.2586499
30,0.52343494,0.60521817,30009,"Carbon, Montana",1.074,1.39289
30,0.56258738,0.63495594,30011,"Carter, Montana",,
30,0.44401401,0.59687841,30013,"Cascade, Montana",0.8251,1.2804199
30,0.52654779,0.63015777,30015,"Chouteau, Montana",0.98580998,1.29844
30,0.49276453,0.64562416,30017,"Custer, Montana",0.94387001,1.25625
30,0.58853787,0.70403576,30019,"Daniels, Montana",1.1474,1.36176
30,0.56096804,0.6744383,30021,"Dawson, Montana",1.01449,1.3504699
30,0.43468249,0.61021155,30023,"Deer Lodge, Montana",0.81221002,1.26037
30,0.57815832,0.67531425,30025,"Fallon, Montana",1.07262,1.34914
30,0.48339209,0.61327165,30027,"Fergus, Montana",0.91623002,1.28664
30,0.45784548,0.57307249,30029,"Flathead, Montana",0.91574001,1.37629
30,0.47354326,0.60106695,30031,"Gallatin, Montana",1.13998,1.50675
30,0.41632971,0.66853952,30033,"Garfield, Montana",,
30,0.39119115,0.61339289,30035,"Glacier, Montana",0.45486999,0.95835
30,0.54819143,0.61173308,30039,"Granite, Montana",1.04951,1.32795
30,0.43017337,0.58283639,30041,"Hill, Montana",0.64911997,1.16249
30,0.529948,0.61978918,30043,"Jefferson, Montana",0.93286002,1.29519
30,0.53683507,0.59731853,30045,"Judith Basin, Montana",,
30,0.42691097,0.59170657,30047,"Lake, Montana",0.66709,1.16471
30,0.43853527,0.60080415,30049,"Lewis and Clark, Montana",0.91167003,1.37431
30,0.54476166,0.56646794,30051,"Liberty, Montana",,
30,0.46062264,0.60832667,30053,"Lincoln, Montana",0.79514003,1.16571
30,0.54662186,0.70665348,30055,"McCone, Montana",1.13685,1.31872
30,0.53783143,0.62451506,30057,"Madison, Montana",1.1015199,1.4218301
30,0.48632011,0.68711019,30059,"Meagher, Montana",0.97684997,1.2832
30,0.41357562,0.69581926,30061,"Mineral, Montana",0.80008,1.17538
30,0.44410035,0.58454531,30063,"Missoula, Montana",0.99296999,1.42077
30,0.51877147,0.6600588,30065,"Musselshell, Montana",0.93646002,1.2453901
30,0.46777996,0.59483874,30067,"Park, Montana",1.0350699,1.44214
30,0.54558468,0.64064896,30071,"Phillips, Montana",0.95931,1.2388999
30,0.52942437,0.65038794,30073,"Pondera, Montana",0.83607,1.2577
30,0.56284338,0.71344,30075,"Powder River, Montana",,
30,0.44864047,0.6210227,30077,"Powell, Montana",0.78983003,1.14003
30,0.49972561,0.66711712,30079,"Prairie, Montana",,
30,0.47998309,0.57889301,30081,"Ravalli, Montana",0.93080997,1.32156
30,0.57444859,0.68663764,30083,"Richland, Montana",0.97873998,1.34492
30,0.44203416,0.63098222,30085,"Roosevelt, Montana",0.54457998,1.12523
30,0.38648826,0.5704599,30087,"Rosebud, Montana",0.66921997,1.13854
30,0.45662561,0.60224777,30089,"Sanders, Montana",0.83388001,1.21789
30,0.56805849,0.64272213,30091,"Sheridan, Montana",1.04522,1.38901
30,0.45977145,0.62659979,30093,"Silver Bow, Montana",0.75958002,1.22835
30,0.56298751,0.61302519,30095,"Stillwater, Montana",1.00655,1.28478
30,0.57265663,0.60618412,30097,"Sweet Grass, Montana",1.0379699,1.32479
30,0.52227706,0.61010414,30099,"Teton, Montana",1.00205,1.30931
30,0.50252128,0.63522249,30101,"Toole, Montana",0.84884,1.24351
30,0.47010353,0.65097624,30105,"Valley, Montana",0.97478002,1.3415101
30,0.50735301,0.78605592,30107,"Wheatland, Montana",,
30,0.45875648,0.60403246,30111,"Yellowstone, Montana",0.8768,1.3393101
31,0.533164815,0.657309563695652,31000,"State average, Nebraska",0.988439232307692,1.41715628461538
31,0.47424433,0.6480096,31001,"Adams, Nebraska",0.88799,1.42549
31,0.57401186,0.71771997,31003,"Antelope, Nebraska",1.11277,1.45654
31,0.59343803,0.73041761,31011,"Boone, Nebraska",1.11061,1.48964
31,0.51189107,0.64063537,31013,"Box Butte, Nebraska",0.91351002,1.3032399
31,0.57708967,0.62116039,31015,"Boyd, Nebraska",1.09176,1.42266
31,0.5385468,0.6968202,31017,"Brown, Nebraska",0.97577,1.38603
31,0.49423537,0.63403434,31019,"Buffalo, Nebraska",1.02719,1.48429
31,0.52192491,0.61947215,31021,"Burt, Nebraska",1.08513,1.46401
31,0.55316401,0.65284121,31023,"Butler, Nebraska",1.06416,1.4673001
31,0.48256493,0.61485177,31025,"Cass, Nebraska",1.11209,1.45002
31,0.61331522,0.73137385,31027,"Cedar, Nebraska",1.22321,1.5324
31,0.55134708,0.66333973,31029,"Chase, Nebraska",0.98749,1.43914
31,0.48694283,0.64927638,31031,"Cherry, Nebraska",0.986,1.3179899
31,0.50106198,0.65211034,31033,"Cheyenne, Nebraska",0.98580998,1.40137
31,0.58513653,0.65212142,31035,"Clay, Nebraska",1.03207,1.433
31,0.48060474,0.6747545,31037,"Colfax, Nebraska",0.57292002,1.28118
31,0.58663952,0.71865106,31039,"Cuming, Nebraska",0.97847998,1.48303
31,0.56418449,0.66525894,31041,"Custer, Nebraska",1.03036,1.40027
31,0.42784396,0.61343837,31043,"Dakota, Nebraska",0.62869,1.17231
31,0.5154494,0.65753824,31045,"Dawes, Nebraska",1.02863,1.3926001
31,0.45000634,0.63723648,31047,"Dawson, Nebraska",0.67014998,1.29652
31,0.54593658,0.64708591,31049,"Deuel, Nebraska",1.0208,1.35571
31,0.55039412,0.6453625,31051,"Dixon, Nebraska",0.98905998,1.45851
31,0.48173931,0.64158696,31053,"Dodge, Nebraska",0.83293998,1.38968
31,0.3992798,0.60352618,31055,"Douglas, Nebraska",0.80927998,1.51419
31,0.53961021,0.67111063,31057,"Dundy, Nebraska",1.04444,1.39245
31,0.54328305,0.71409982,31059,"Fillmore, Nebraska",1.07819,1.48385
31,0.54554552,0.6483233,31061,"Franklin, Nebraska",1.1055,1.42618
31,0.629682,0.6304034,31063,"Frontier, Nebraska",1.0855401,1.44561
31,0.55206358,0.70089322,31065,"Furnas, Nebraska",1.06473,1.46332
31,0.4863233,0.66529602,31067,"Gage, Nebraska",0.92404997,1.36441
31,0.53691733,0.6382103,31069,"Garden, Nebraska",,
31,0.5364821,0.61038065,31071,"Garfield, Nebraska",1.17126,1.42506
31,0.50461113,0.71399403,31073,"Gosper, Nebraska",1.06101,1.4867899
31,0.56253546,0.73747367,31075,"Grant, Nebraska",,
31,0.60226417,0.68697,31077,"Greeley, Nebraska",1.15053,1.47671
31,0.4543325,0.62870228,31079,"Hall, Nebraska",0.66930002,1.33596
31,0.52569348,0.67047948,31081,"Hamilton, Nebraska",1.08571,1.48379
31,0.50639182,0.627303,31083,"Harlan, Nebraska",1.1057301,1.47803
31,0.58966339,0.61759442,31087,"Hitchcock, Nebraska",1.03206,1.31541
31,0.56845075,0.68826455,31089,"Holt, Nebraska",1.03485,1.45723
31,0.52187091,0.68336737,31093,"Howard, Nebraska",1.07802,1.43876
31,0.51538378,0.70098293,31095,"Jefferson, Nebraska",0.85825002,1.37569
31,0.53254998,0.66530883,31097,"Johnson, Nebraska",0.79079002,1.32819
31,0.54109216,0.64114982,31099,"Kearney, Nebraska",1.09842,1.48794
31,0.49491698,0.6326375,31101,"Keith, Nebraska",0.97583997,1.38248
31,0.50332463,0.67938912,31105,"Kimball, Nebraska",0.96209002,1.33867
31,0.57547897,0.66469574,31107,"Knox, Nebraska",0.96733999,1.4091901
31,0.43736401,0.6068927,31109,"Lancaster, Nebraska",0.96534002,1.50899
31,0.46992895,0.6078788,31111,"Lincoln, Nebraska",0.89218998,1.33803
31,0.53596389,0.5213815,31113,"Logan, Nebraska",,
31,0.48010346,0.64908689,31119,"Madison, Nebraska",0.92909002,1.42322
31,0.53781492,0.65581656,31121,"Merrick, Nebraska",1.11498,1.46189
31,0.52514917,0.59687471,31123,"Morrill, Nebraska",0.90884,1.32797
31,0.56025529,0.66572285,31125,"Nance, Nebraska",1.11717,1.42621
31,0.56801564,0.65468776,31127,"Nemaha, Nebraska",1.02378,1.43639
31,0.57201642,0.69423294,31129,"Nuckolls, Nebraska",0.99331999,1.41852
31,0.49372873,0.63299453,31131,"Otoe, Nebraska",0.92979997,1.42176
31,0.52173007,0.66452408,31133,"Pawnee, Nebraska",1.03197,1.43806
31,0.54465979,0.69668603,31135,"Perkins, Nebraska",1.14323,1.4640501
31,0.53028482,0.6616472,31137,"Phelps, Nebraska",1.01046,1.46372
31,0.54705042,0.67609018,31139,"Pierce, Nebraska",1.16286,1.45673
31,0.52225798,0.66066146,31141,"Platte, Nebraska",0.79223001,1.3899
31,0.57330787,0.67888415,31143,"Polk, Nebraska",1.08955,1.4852
31,0.50230974,0.63171309,31145,"Red Willow, Nebraska",0.97069001,1.36694
31,0.50854111,0.63522899,31147,"Richardson, Nebraska",0.95959997,1.35651
31,0.62085563,0.70504463,31149,"Rock, Nebraska",,
31,0.51287299,0.66573668,31151,"Saline, Nebraska",0.72569001,1.39143
31,0.45836222,0.60669518,31153,"Sarpy, Nebraska",1.02101,1.48391
31,0.51148641,0.62895292,31155,"Saunders, Nebraska",1.14193,1.52105
31,0.46054929,0.63061357,31157,"Scotts Bluff, Nebraska",0.82388997,1.28558
31,0.53440148,0.6586867,31159,"Seward, Nebraska",1.1193399,1.4892
31,0.52834052,0.63492906,31161,"Sheridan, Nebraska",0.89170003,1.32783
31,0.58608329,0.68904012,31163,"Sherman, Nebraska",0.96961999,1.40409
31,0.53578198,0.6140582,31167,"Stanton, Nebraska",1.06601,1.40535
31,0.54203069,0.72698271,31169,"Thayer, Nebraska",0.99821001,1.43381
31,0.54934043,0.82331502,31171,"Thomas, Nebraska",,
31,0.43635461,0.66554934,31173,"Thurston, Nebraska",0.53644001,1.2834001
31,0.52595431,0.69204068,31175,"Valley, Nebraska",1.07447,1.42979
31,0.53524905,0.64559507,31177,"Washington, Nebraska",1.14897,1.51351
31,0.56790107,0.65969086,31179,"Wayne, Nebraska",1.0376101,1.48545
31,0.55584645,0.69930387,31181,"Webster, Nebraska",1.00416,1.41325
31,0.50144583,0.673199,31185,"York, Nebraska",1.00359,1.47361
32,0.448105835882353,0.560939245882353,32000,"State average, Nevada",0.838434669333333,1.22889333333333
32,0.42018765,0.55825257,32001,"Churchill, Nevada",0.82966,1.2273999
32,0.38764879,0.52366829,32003,"Clark, Nevada",0.73276001,1.29062
32,0.45699286,0.57001108,32005,"Douglas, Nevada",0.96063,1.37691
32,0.46296695,0.59345448,32007,"Elko, Nevada",0.89293998,1.23388
32,0.49829665,0.58257985,32011,"Eureka, Nevada",0.85731,1.17532
32,0.44370872,0.59525061,32013,"Humboldt, Nevada",0.87821001,1.20947
32,0.45997825,0.59605861,32015,"Lander, Nevada",0.94035,1.22971
32,0.58202344,0.56623954,32017,"Lincoln, Nevada",0.93839002,1.3247401
32,0.40597832,0.54786044,32019,"Lyon, Nevada",0.79903001,1.12752
32,0.39072224,0.49230632,32021,"Mineral, Nevada",,
32,0.40365711,0.49414894,32023,"Nye, Nevada",0.74346,1.11429
32,0.48953095,0.58894378,32027,"Pershing, Nevada",0.77140999,1.12365
32,0.41786337,0.51694632,32029,"Storey, Nevada",0.81353003,1.1839499
32,0.40533885,0.55637866,32031,"Washoe, Nevada",0.80659002,1.36307
32,0.45431715,0.58949828,32033,"White Pine, Nevada",0.84535998,1.2029901
32,0.40519959,0.56690735,32510,"Carson City, Nevada",0.76688999,1.24988
33,0.425978581,0.59095701,33000,"State average, New Hampshire",1.087420992,1.45358001
33,0.41712138,0.58544648,33001,"Belknap, New Hampshire",1.08412,1.44177
33,0.43617082,0.58814281,33003,"Carroll, New Hampshire",1.0821199,1.45907
33,0.42192355,0.58456111,33005,"Cheshire, New Hampshire",1.07577,1.41903
33,0.42104524,0.61632937,33007,"Coos, New Hampshire",0.90846002,1.26278
33,0.43646413,0.58867115,33009,"Grafton, New Hampshire",1.0929,1.51695
33,0.44100729,0.59984607,33011,"Hillsborough, New Hampshire",1.05302,1.53038
33,0.4269177,0.58911014,33013,"Merrimack, New Hampshire",1.1284,1.50108
33,0.45314148,0.59857732,33015,"Rockingham, New Hampshire",1.3597,1.5677201
33,0.42193756,-0.1569524,33017,"Strafford, New Hampshire",1.13405,1.49661
33,0.38405666,0.56749278,33019,"Sullivan, New Hampshire",0.95567,1.34041
34,0.438227655238095,0.603354323333333,34000,"State average, New Jersey",0.894470937142857,1.52091380952381
34,0.37154225,0.57027215,34001,"Atlantic, New Jersey",0.75431001,1.41052
34,0.51954651,0.64835024,34003,"Bergen, New Jersey",1.0269099,1.65387
34,0.42232805,0.59136081,34005,"Burlington, New Jersey",0.97755998,1.51595
34,0.39249986,0.59126079,34007,"Camden, New Jersey",0.76767999,1.50516
34,0.42920408,0.59260523,34009,"Cape May, New Jersey",0.94268,1.44591
34,0.37017271,0.55506766,34011,"Cumberland, New Jersey",0.66140997,1.1831501
34,0.38604265,0.584885,34013,"Essex, New Jersey",0.63766998,1.43221
34,0.43419391,0.59730893,34015,"Gloucester, New Jersey",1.01538,1.51745
34,0.44457117,0.59508348,34017,"Hudson, New Jersey",0.81652999,1.55188
34,0.49344167,0.62458706,34019,"Hunterdon, New Jersey",1.1822799,1.68463
34,0.38598496,0.58866328,34021,"Mercer, New Jersey",0.56733,1.51682
34,0.48370594,0.62478983,34023,"Middlesex, New Jersey",0.85285997,1.5437599
34,0.45198557,0.619959,34025,"Monmouth, New Jersey",0.94753999,1.65774
34,0.50783235,0.64473712,34027,"Morris, New Jersey",1.08737,1.68937
34,0.45339474,0.59651554,34029,"Ocean, New Jersey",0.99555999,1.526
34,0.42517933,0.60955095,34031,"Passaic, New Jersey",0.59579003,1.44489
34,0.4136906,0.58875972,34033,"Salem, New Jersey",0.86607999,1.37666
34,0.46128559,0.62159157,34035,"Somerset, New Jersey",1.00537,1.66268
34,0.47039765,0.61719441,34037,"Sussex, New Jersey",1.25775,1.60588
34,0.43154848,0.60860032,34039,"Union, New Jersey",0.69148999,1.46755
34,0.45423269,0.5992977,34041,"Warren, New Jersey",1.13434,1.54711
35,0.415189081515151,0.572526414848485,35000,"State average, New Mexico",0.627406902068966,1.09697965862069
35,0.38822624,0.55310112,35001,"Bernalillo, New Mexico",0.66459,1.25278
35,0.42944002,0.58981639,35003,"Catron, New Mexico",,
35,0.40493625,0.58753806,35005,"Chaves, New Mexico",0.57494998,1.0323499
35,0.36925915,0.54900569,35006,"Cibola, New Mexico",0.46673,0.87998998
35,0.41021422,0.55898285,35007,"Colfax, New Mexico",0.64099997,1.2510999
35,0.41176733,0.59822726,35009,"Curry, New Mexico",0.66850001,1.22962
35,0.52388632,0.65738904,35011,"De Baca, New Mexico",,
35,0.40438551,0.54854459,35013,"DoÃÂ±a Ana, New Mexico",0.59858,1.0735
35,0.46551222,0.61528724,35015,"Eddy, New Mexico",0.74067003,1.11143
35,0.40673649,0.53837365,35017,"Grant, New Mexico",0.56770003,1.06396
35,0.39496046,0.54839784,35019,"Guadalupe, New Mexico",0.59342998,0.97113001
35,0.42131788,0.5511871,35023,"Hidalgo, New Mexico",0.63405001,0.93590999
35,0.46431991,0.62074095,35025,"Lea, New Mexico",0.6886,1.0859801
35,0.42896676,0.60296208,35027,"Lincoln, New Mexico",0.68344003,1.15756
35,0.47209215,0.5852775,35028,"Los Alamos, New Mexico",1.1156501,1.53416
35,0.38643911,0.59986907,35029,"Luna, New Mexico",0.46496999,0.82160997
35,0.35415223,0.5120272,35031,"McKinley, New Mexico",0.41604,0.85974002
35,0.42674047,0.55294776,35033,"Mora, New Mexico",,
35,0.39953059,0.56802166,35035,"Otero, New Mexico",0.73474002,1.2180901
35,0.40044215,0.55911136,35037,"Quay, New Mexico",0.57808,1.06507
35,0.37294319,0.5641039,35039,"Rio Arriba, New Mexico",0.44734001,0.8976
35,0.41701218,0.58123386,35041,"Roosevelt, New Mexico",0.68822998,1.14408
35,0.38753462,0.5390566,35043,"Sandoval, New Mexico",0.74976999,1.2136101
35,0.40520856,0.57743716,35045,"San Juan, New Mexico",0.59600002,1.03476
35,0.38532931,0.5505743,35047,"San Miguel, New Mexico",0.4998,1.00538
35,0.40140796,0.54063988,35049,"Santa Fe, New Mexico",0.62910998,1.34547
35,0.39924881,0.54766035,35051,"Sierra, New Mexico",0.57985997,1.05495
35,0.37011841,0.55961454,35053,"Socorro, New Mexico",0.53258002,1.13403
35,0.41188437,0.55282742,35055,"Taos, New Mexico",0.70545,1.30819
35,0.40396622,0.52434772,35057,"Torrance, New Mexico",0.65758002,0.99483001
35,0.44943729,0.62099719,35059,"Union, New Mexico",0.72306001,1.15702
35,0.38133767,0.55002528,35061,"Valencia, New Mexico",0.55430001,0.97851002
36,0.432977418387097,0.597791815322581,36000,"State average, New York",0.839834193225806,1.33043371290323
36,0.43856844,0.62046933,36001,"Albany, New York",0.87391001,1.46298
36,0.41969791,0.59463161,36003,"Allegany, New York",0.77829999,1.17528
36,0.39008352,0.51492077,36005,"Bronx, New York",0.68067002,1.05966
36,0.419043,0.59373677,36007,"Broome, New York",0.81244999,1.32753
36,0.42765266,0.61154449,36009,"Cattaraugus, New York",0.75652999,1.1748101
36,0.41648966,0.60048026,36011,"Cayuga, New York",0.81484997,1.25554
36,0.41525927,0.59910446,36013,"Chautauqua, New York",0.69059998,1.1845
36,0.39711976,0.59576255,36015,"Chemung, New York",0.73575002,1.25367
36,0.42017388,0.5909422,36017,"Chenango, New York",0.79185998,1.1632299
36,0.42429817,0.59824306,36019,"Clinton, New York",0.84636998,1.27345
36,0.41953701,0.6017549,36021,"Columbia, New York",0.88366997,1.40091
36,0.42261177,0.59825778,36023,"Cortland, New York",0.80005997,1.27177
36,0.44276512,0.61267447,36025,"Delaware, New York",0.85110998,1.28693
36,0.4335331,0.59743953,36027,"Dutchess, New York",0.95771003,1.46461
36,0.427953,0.60719943,36029,"Erie, New York",0.75937998,1.37372
36,0.45285612,0.57563919,36031,"Essex, New York",0.86543,1.33933
36,0.41613317,0.60439408,36033,"Franklin, New York",0.76937002,1.19865
36,0.40815249,0.59190798,36035,"Fulton, New York",0.7155,1.15371
36,0.43237388,0.60419238,36037,"Genesee, New York",0.90377998,1.2741801
36,0.44552451,0.59125084,36039,"Greene, New York",0.87491,1.33384
36,0.48070019,0.64253026,36041,"Hamilton, New York",1.0166,1.39314
36,0.43290496,0.60844064,36043,"Herkimer, New York",0.78821999,1.16153
36,4.8838357,0.59907985,36045,"Jefferson, New York",0.87980002,1.24696
36,0.42299739,0.55272043,36047,"Kings, New York",0.77451998,1.55396
36,0.47115555,0.62466145,36049,"Lewis, New York",0.86748999,1.2059
36,0.43731928,0.59329855,36051,"Livingston, New York",0.90139002,1.31453
36,0.43219489,0.59769005,36053,"Madison, New York",0.89937001,1.3401099
36,0.39269343,0.5856905,36055,"Monroe, New York",0.71841002,1.40669
36,0.42543876,0.60408014,36057,"Montgomery, New York",0.73624003,1.20929
36,0.49325207,0.65162271,36059,"Nassau, New York",0.95231003,1.5534
36,0.41869253,0.55338937,36061,"New York, New York",0.82734001,1.6875
36,0.40703964,0.58277339,36063,"Niagara, New York",0.85018998,1.31727
36,0.42728147,0.60774565,36065,"Oneida, New York",0.75343001,1.27557
36,0.40242127,0.59477013,36067,"Onondaga, New York",0.77278,1.41187
36,0.43202263,0.59633279,36069,"Ontario, New York",0.91204,1.38598
36,0.42588851,0.59068191,36071,"Orange, New York",0.84834999,1.38465
36,0.42188925,0.57215142,36073,"Orleans, New York",0.80096,1.1900001
36,0.40844077,0.58376247,36075,"Oswego, New York",0.78162998,1.22173
36,0.44290841,0.60148937,36077,"Otsego, New York",0.88191998,1.32603
36,0.52018428,0.64199626,36079,"Putnam, New York",1.03351,1.5779901
36,0.47502467,0.59761381,36081,"Queens, New York",0.77995998,1.45968
36,0.42925596,0.61070198,36083,"Rensselaer, New York",0.87690002,1.4222701
36,0.48137245,0.63549775,36085,"Richmond, New York",0.93111998,1.5300699
36,0.46492949,0.62751502,36087,"Rockland, New York",0.71461999,1.51389
36,0.42871219,0.60179037,36089,"St. Lawrence, New York",0.79506999,1.24503
36,0.4534871,0.61132824,36091,"Saratoga, New York",1.03073,1.4847
36,0.41907173,0.61499858,36093,"Schenectady, New York",0.83007997,1.41808
36,0.44301888,0.59306711,36095,"Schoharie, New York",0.88620001,1.24334
36,0.42161083,0.55469829,36097,"Schuyler, New York",0.79557002,1.22957
36,0.4378483,0.59616244,36099,"Seneca, New York",0.82130003,1.2134
36,0.43117839,0.59815919,36101,"Steuben, New York",0.77209002,1.24157
36,0.46316791,0.61933756,36103,"Suffolk, New York",0.94288999,1.49624
36,0.41629636,0.57582146,36105,"Sullivan, New York",0.77954,1.23762
36,0.40871447,0.58825767,36107,"Tioga, New York",0.83236003,1.23146
36,0.42550436,0.58261776,36109,"Tompkins, New York",1.05003,1.5588599
36,0.43074304,0.5865289,36111,"Ulster, New York",0.90713,1.42063
36,0.4287267,0.59834981,36113,"Warren, New York",0.91123003,1.37665
36,0.43055415,0.58699799,36115,"Washington, New York",0.83695,1.24874
36,0.41618052,0.57603055,36117,"Wayne, New York",0.84524,1.28471
36,0.45155954,0.62147045,36119,"Westchester, New York",0.81660002,1.5499001
36,0.46320558,0.6117065,36121,"Wyoming, New York",0.91834998,1.24324
36,0.44382372,0.5849877,36123,"Yates, New York",0.83705002,1.24484
37,0.3667934891,0.5550686517,37000,"State average, North Carolina",0.633975755555556,1.11342606353535
37,0.35772339,0.56986803,37001,"Alamance, North Carolina",0.61148,1.2102
37,0.37784049,0.54154676,37003,"Alexander, North Carolina",0.63590997,1.04313
37,0.39518493,0.59017789,37005,"Alleghany, North Carolina",0.56276,1.03143
37,0.34016269,0.58102542,37007,"Anson, North Carolina",0.46175,0.92750001
37,0.38441145,0.5452612,37009,"Ashe, North Carolina",0.63370001,1.09242
37,0.39553407,0.59066278,37011,"Avery, North Carolina",0.73922002,1.22377
37,0.36311382,0.56078947,37013,"Beaufort, North Carolina",0.56181002,1.0551701
37,0.35930842,0.59786803,37015,"Bertie, North Carolina",0.53906,0.88941002
37,0.3468028,0.54988134,37017,"Bladen, North Carolina",0.45526001,0.92851001
37,0.35376886,0.51017684,37019,"Brunswick, North Carolina",0.72191,1.24542
37,0.3780528,0.54807109,37021,"Buncombe, North Carolina",0.80628997,1.40911
37,0.359137,0.54106629,37023,"Burke, North Carolina",0.54716003,1.03731
37,0.36076748,0.54691219,37025,"Cabarrus, North Carolina",0.73873001,1.26766
37,0.33842838,0.55067271,37027,"Caldwell, North Carolina",0.55425,0.98367
37,0.39407995,0.56927085,37029,"Camden, North Carolina",0.92234999,1.21366
37,0.38538218,0.55431592,37031,"Carteret, North Carolina",0.80018997,1.29776
37,0.36721775,0.5367682,37033,"Caswell, North Carolina",0.56954002,0.96166998
37,0.3590284,0.55645341,37035,"Catawba, North Carolina",0.64618999,1.13464
37,0.37106329,0.55330437,37037,"Chatham, North Carolina",0.63848001,1.30556
37,0.38522056,0.53777379,37039,"Cherokee, North Carolina",0.61150998,1.03325
37,0.36335751,0.59485114,37041,"Chowan, North Carolina",0.56221998,1.06059
37,0.39850661,0.58284956,37043,"Clay, North Carolina",0.68169999,1.12437
37,0.33788979,0.55031842,37045,"Cleveland, North Carolina",0.55795997,1.06055
37,0.35793445,0.52665347,37047,"Columbus, North Carolina",0.44911999,0.81361002
37,0.36391279,0.55014783,37049,"Craven, North Carolina",0.73456001,1.2032
37,0.348643,0.52261722,37051,"Cumberland, North Carolina",0.68410999,1.15069
37,0.4049539,0.54573512,37053,"Currituck, North Carolina",0.90688998,1.27558
37,0.42417055,0.53388894,37055,"Dare, North Carolina",0.87639999,1.3132401
37,0.3534815,0.54947698,37057,"Davidson, North Carolina",0.57999998,1.02931
37,0.3827354,0.57663506,37059,"Davie, North Carolina",0.70682001,1.19411
37,0.38598624,0.57628423,37061,"Duplin, North Carolina",0.4862,0.93911999
37,0.33454528,0.53617519,37063,"Durham, North Carolina",0.73408002,1.49114
37,0.32664955,0.50989217,37065,"Edgecombe, North Carolina",0.45456001,0.92074001
37,0.34521091,0.54743075,37067,"Forsyth, North Carolina",0.64214998,1.31687
37,0.36211279,0.53450674,37069,"Franklin, North Carolina",0.76798999,1.27702
37,0.34222776,0.53880411,37071,"Gaston, North Carolina",0.62857002,1.21152
37,0.39708433,0.5333668,37073,"Gates, North Carolina",0.76517999,1.01481
37,0.37664011,0.51791108,37075,"Graham, North Carolina",0.58879,0.94299001
37,0.34870607,0.53865916,37077,"Granville, North Carolina",0.61255997,1.0845799
37,0.34448469,0.57987785,37079,"Greene, North Carolina",0.50579,1.02473
37,0.34704563,0.54953843,37081,"Guilford, North Carolina",0.66260999,1.24808
37,0.34762263,0.55836791,37083,"Halifax, North Carolina",0.45603999,0.90452999
37,0.35963923,0.54652923,37085,"Harnett, North Carolina",0.68665999,1.1813101
37,0.39143288,0.56996262,37087,"Haywood, North Carolina",0.65478998,1.16344
37,0.39935151,0.55311638,37089,"Henderson, North Carolina",0.70547003,1.27371
37,0.33800054,0.54830855,37091,"Hertford, North Carolina",0.54784,0.91525
37,0.31604886,0.49829176,37093,"Hoke, North Carolina",0.67730999,1.1531
37,0.38218826,0.6177935,37095,"Hyde, North Carolina",0.60378999,0.99704999
37,0.35314107,0.54804736,37097,"Iredell, North Carolina",0.74871999,1.32248
37,0.3944768,0.57389456,37099,"Jackson, North Carolina",0.68485999,1.15513
37,0.3823956,0.55683142,37101,"Johnston, North Carolina",0.70789999,1.25565
37,0.38130593,0.57813179,37103,"Jones, North Carolina",0.67894,1.05695
37,0.3518683,0.56031734,37105,"Lee, North Carolina",0.63221997,1.1989501
37,0.3410942,0.55514592,37107,"Lenoir, North Carolina",0.51138997,1.0018899
37,0.35843003,0.55701435,37109,"Lincoln, North Carolina",0.73951,1.26552
37,0.36498478,0.54891616,37111,"McDowell, North Carolina",0.50920999,0.96719998
37,0.41127616,0.56443244,37113,"Macon, North Carolina",0.61914998,1.13638
37,0.38602084,0.55302006,37115,"Madison, North Carolina",0.62162,1.19762
37,0.35411215,0.56762803,37117,"Martin, North Carolina",0.53527999,0.97807997
37,0.35238239,0.55078876,37119,"Mecklenburg, North Carolina",0.69432002,1.3969001
37,0.4028275,0.59951198,37121,"Mitchell, North Carolina",0.57977003,0.99172002
37,0.35185879,0.5610919,37123,"Montgomery, North Carolina",0.49377999,0.92697001
37,0.37288934,0.56634086,37125,"Moore, North Carolina",0.78341001,1.40185
37,0.35913834,0.56026292,37127,"Nash, North Carolina",0.53665,1.0098799
37,0.35739514,0.54306245,37129,"New Hanover, North Carolina",0.84261,1.41391
37,0.35076511,0.56075722,37131,"Northampton, North Carolina",0.49340001,0.86786997
37,0.37728947,0.54390502,37133,"Onslow, North Carolina",0.87911999,1.22999
37,0.38099831,0.56065065,37135,"Orange, North Carolina",1.00869,1.5708801
37,0.36943883,0.5671221,37137,"Pamlico, North Carolina",0.65873998,1.0844001
37,0.3657693,0.55584586,37139,"Pasquotank, North Carolina",0.66816998,1.0894099
37,0.35985082,0.5152567,37141,"Pender, North Carolina",0.73663998,1.33491
37,0.38317636,0.58342481,37143,"Perquimans, North Carolina",0.67325002,1.02969
37,0.35436106,0.5529893,37145,"Person, North Carolina",0.62191999,1.09536
37,0.34700641,0.5598132,37147,"Pitt, North Carolina",0.63674998,1.23016
37,0.39557654,0.53925967,37149,"Polk, North Carolina",0.74510998,1.22507
37,0.36547449,0.55501205,37151,"Randolph, North Carolina",0.59280002,1.0287499
37,0.3423534,0.55678785,37153,"Richmond, North Carolina",0.43776,0.85720003
37,0.32095239,0.50606143,37155,"Robeson, North Carolina",0.36258,0.76340997
37,0.34036407,0.53761578,37157,"Rockingham, North Carolina",0.5424,1.02724
37,0.34288377,0.54958475,37159,"Rowan, North Carolina",0.65586001,1.12182
37,0.35316601,0.53199065,37161,"Rutherford, North Carolina",0.56173003,1.0009
37,0.35913044,0.56848091,37163,"Sampson, North Carolina",0.45984,0.94435
37,0.31078675,0.50586098,37165,"Scotland, North Carolina",0.39579999,0.88946998
37,0.38184449,0.58792007,37167,"Stanly, North Carolina",0.71094,1.1361001
37,0.38126951,0.55525398,37169,"Stokes, North Carolina",0.64993,1.0505199
37,0.37988111,0.57481736,37171,"Surry, North Carolina",0.56948,0.98089999
37,0.41320318,0.55911505,37173,"Swain, North Carolina",0.52556998,0.98486
37,0.37550288,0.54400975,37175,"Transylvania, North Carolina",0.71653003,1.32944
37,0.38698328,0.55929184,37177,"Tyrrell, North Carolina",,
37,0.38647729,0.56129277,37179,"Union, North Carolina",0.76831001,1.41275
37,0.32367244,0.55679482,37181,"Vance, North Carolina",0.44448,0.88710999
37,0.38944823,0.57582223,37183,"Wake, North Carolina",0.87829,1.44507
37,0.3630234,0.54832131,37185,"Warren, North Carolina",0.49867001,0.91860998
37,0.36206496,0.53514165,37187,"Washington, North Carolina",0.47264999,0.80204999
37,0.41392443,0.58206028,37189,"Watauga, North Carolina",0.93870002,1.3866
37,0.36100566,0.55566442,37191,"Wayne, North Carolina",0.56178999,1.0954601
37,0.38364351,0.57421541,37193,"Wilkes, North Carolina",0.56142002,0.98014998
37,0.34435967,0.56943166,37195,"Wilson, North Carolina",0.55903,1.07257
37,0.37785372,0.57758176,37197,"Yadkin, North Carolina",0.60162002,1.0407701
37,0.40745878,0.5754168,37199,"Yancey, North Carolina",0.57858002,1.06177
38,0.570986868301887,0.691138273584906,38000,"State average, North Dakota",1.054993109375,1.46013708354167
38,0.60065281,0.73633456,38001,"Adams, North Dakota",1.1501499,1.49611
38,0.54493958,0.67202747,38003,"Barnes, North Dakota",1.13077,1.48747
38,0.40901139,0.63479525,38005,"Benson, North Dakota",0.52886999,1.39625
38,0.60787606,0.70292062,38009,"Bottineau, North Dakota",1.09551,1.49044
38,0.67527407,0.69998604,38011,"Bowman, North Dakota",1.12242,1.51625
38,0.60976744,0.79809958,38013,"Burke, North Dakota",1.20022,1.50658
38,0.52847904,0.66730136,38015,"Burleigh, North Dakota",1.02599,1.5426
38,0.50574797,0.64647704,38017,"Cass, North Dakota",1.0505199,1.5591201
38,0.60872591,0.70360321,38019,"Cavalier, North Dakota",1.18753,1.57731
38,0.55667686,0.71285498,38021,"Dickey, North Dakota",1.18812,1.50272
38,0.59494144,0.74338102,38023,"Divide, North Dakota",1.1331199,1.49289
38,0.65396267,0.72042751,38025,"Dunn, North Dakota",0.96776998,1.40953
38,0.54212493,0.6933111,38027,"Eddy, North Dakota",0.90284997,1.44025
38,0.59721714,0.70607144,38029,"Emmons, North Dakota",1.10806,1.59017
38,0.5554049,0.74494153,38031,"Foster, North Dakota",1.18168,1.55275
38,0.66217667,0.76029056,38033,"Golden Valley, North Dakota",1.19318,1.46268
38,0.49149635,0.63944447,38035,"Grand Forks, North Dakota",1.07225,1.50931
38,0.66699821,0.70874262,38037,"Grant, North Dakota",1.10545,1.46313
38,0.57689691,0.64688766,38039,"Griggs, North Dakota",1.17641,1.4916199
38,0.6242677,0.66297048,38041,"Hettinger, North Dakota",1.16316,1.49424
38,0.60461605,0.74125987,38043,"Kidder, North Dakota",1.17696,1.5193
38,0.63800502,0.71626878,38045,"LaMoure, North Dakota",1.2376699,1.56146
38,0.62273419,0.60072982,38047,"Logan, North Dakota",,
38,0.58257997,0.70538878,38049,"McHenry, North Dakota",1.17722,1.49446
38,0.60909241,0.68749678,38051,"McIntosh, North Dakota",1.17327,1.49415
38,0.60262334,0.72256124,38053,"McKenzie, North Dakota",0.84794998,1.26691
38,0.56205195,0.70596796,38055,"McLean, North Dakota",1.13799,1.48588
38,0.58996195,0.69876391,38057,"Mercer, North Dakota",1.15844,1.53148
38,0.54831564,0.68609667,38059,"Morton, North Dakota",0.96066999,1.48241
38,0.61619556,0.71895331,38061,"Mountrail, North Dakota",0.79137999,1.26837
38,0.59424508,0.67184395,38063,"Nelson, North Dakota",1.12535,1.50026
38,0.63653177,0.72224313,38065,"Oliver, North Dakota",1.05109,1.52166
38,0.54726171,0.65498644,38067,"Pembina, North Dakota",1.1064,1.48174
38,0.55975586,0.7406947,38069,"Pierce, North Dakota",1.17816,1.47297
38,0.47914943,0.66616261,38071,"Ramsey, North Dakota",0.89409,1.4291101
38,0.57022041,0.69163162,38073,"Ransom, North Dakota",1.19326,1.51047
38,0.59162003,0.71843296,38075,"Renville, North Dakota",1.1142499,1.4362299
38,0.5371114,0.68957442,38077,"Richland, North Dakota",1.06183,1.47756
38,0.40783581,0.57575822,38079,"Rolette, North Dakota",0.54341,1.05
38,0.55937701,0.69733548,38081,"Sargent, North Dakota",1.12652,1.48072
38,0.55257165,0.74864727,38083,"Sheridan, North Dakota",,
38,0.29265299,0.48307261,38085,"Sioux, North Dakota",0.44782999,0.97600001
38,0.61402977,0.7186349,38089,"Stark, North Dakota",1.04264,1.41582
38,0.59993035,0.70156032,38091,"Steele, North Dakota",,
38,0.51168531,0.67710978,38093,"Stutsman, North Dakota",1.04766,1.48076
38,0.59718144,0.65543938,38095,"Towner, North Dakota",1.0874799,1.49612
38,0.54037279,0.70012569,38097,"Traill, North Dakota",1.15844,1.51803
38,0.52311653,0.6753546,38099,"Walsh, North Dakota",0.98212999,1.48715
38,0.51160455,0.67247266,38101,"Ward, North Dakota",1.03633,1.43081
38,0.56083184,0.69078547,38103,"Wells, North Dakota",1.16505,1.50863
38,0.58593506,0.71058762,38105,"Williams, North Dakota",0.93216997,1.3267
39,0.408294541704545,0.591546489318182,39000,"State average, Ohio",0.806546474886364,1.26850307386364
39,0.39219898,0.58997709,39001,"Adams, Ohio",0.70907998,1.10449
39,0.38553444,0.58921462,39003,"Allen, Ohio",0.74994999,1.29566
39,0.41905248,0.59994507,39005,"Ashland, Ohio",0.84399998,1.2599699
39,0.39432999,0.5663324,39007,"Ashtabula, Ohio",0.66042,1.0991499
39,0.37717372,0.56071442,39009,"Athens, Ohio",0.82167,1.33091
39,0.46121737,0.63512832,39011,"Auglaize, Ohio",0.99730998,1.39983
39,0.45004305,0.63758785,39013,"Belmont, Ohio",0.81888002,1.2191
39,0.39379054,0.55304551,39015,"Brown, Ohio",0.81642002,1.18036
39,0.38046479,0.58033234,39017,"Butler, Ohio",0.74945003,1.3633
39,0.44049466,0.59874713,39019,"Carroll, Ohio",0.81195003,1.15057
39,0.4016898,0.56697148,39021,"Champaign, Ohio",0.83530998,1.2367001
39,0.35597235,0.56336534,39023,"Clark, Ohio",0.65981001,1.20367
39,0.39157823,0.57430875,39025,"Clermont, Ohio",0.92811,1.42579
39,0.38194147,0.56788415,39027,"Clinton, Ohio",0.80985999,1.24542
39,0.41015649,0.60315722,39029,"Columbiana, Ohio",0.72987998,1.16425
39,0.40520233,0.58255333,39031,"Coshocton, Ohio",0.67357999,1.14353
39,0.39984983,0.59786189,39033,"Crawford, Ohio",0.72738999,1.1443
39,0.37082997,0.57852125,39035,"Cuyahoga, Ohio",0.70183003,1.39689
39,0.44691762,0.62157601,39037,"Darke, Ohio",0.86445999,1.2631299
39,0.42485106,0.59301895,39039,"Defiance, Ohio",0.85663998,1.28461
39,0.4179261,0.59643257,39041,"Delaware, Ohio",1.0463099,1.55197
39,0.39445868,0.58328897,39043,"Erie, Ohio",0.75787002,1.27424
39,0.40479314,0.59288615,39045,"Fairfield, Ohio",0.86900002,1.3495899
39,0.36114526,0.57215822,39047,"Fayette, Ohio",0.71192998,1.1674401
39,0.35954931,0.56748104,39049,"Franklin, Ohio",0.79273999,1.45893
39,0.44855109,0.60829097,39051,"Fulton, Ohio",0.92549998,1.33157
39,0.38476962,0.58290809,39053,"Gallia, Ohio",0.70699,1.1598901
39,0.46179065,0.61164039,39055,"Geauga, Ohio",1.07594,1.47208
39,0.39098755,0.57402569,39057,"Greene, Ohio",0.86914998,1.38153
39,0.41017362,0.60597891,39059,"Guernsey, Ohio",0.75321001,1.1794
39,0.35728714,0.58752114,39061,"Hamilton, Ohio",0.70008999,1.4802901
39,0.41571629,0.59775072,39063,"Hancock, Ohio",0.89083999,1.3871599
39,0.41803193,0.5859322,39065,"Hardin, Ohio",0.81193,1.2610101
39,0.45762932,0.62359494,39067,"Harrison, Ohio",0.73277003,1.13214
39,0.43026096,0.63103265,39069,"Henry, Ohio",0.92720002,1.3472
39,0.38546002,0.55886167,39071,"Highland, Ohio",0.73097003,1.1397099
39,0.3772597,0.5647676,39073,"Hocking, Ohio",0.74777001,1.17392
39,0.49072292,0.60359722,39075,"Holmes, Ohio",0.84948999,1.24142
39,0.41689321,0.58415794,39077,"Huron, Ohio",0.75757003,1.1896501
39,0.38034827,0.55438393,39079,"Jackson, Ohio",0.65818,1.07506
39,0.39747748,0.60284865,39081,"Jefferson, Ohio",0.73128003,1.20041
39,0.42708007,4.7918846,39083,"Knox, Ohio",0.86973,1.32907
39,0.4290207,0.59719098,39085,"Lake, Ohio",0.90890998,1.37954
39,0.38641745,0.55930537,39087,"Lawrence, Ohio",0.72838998,1.12465
39,0.39122725,0.56714845,39089,"Licking, Ohio",0.83693999,1.35419
39,0.40209234,0.57873899,39091,"Logan, Ohio",0.8348,1.2654901
39,0.37649828,0.56246555,39093,"Lorain, Ohio",0.73821998,1.33122
39,0.36965272,0.56531256,39095,"Lucas, Ohio",0.62805003,1.31394
39,0.39949957,0.5608623,39097,"Madison, Ohio",0.81291997,1.28259
39,0.39553118,0.60329616,39099,"Mahoning, Ohio",0.67082,1.25539
39,0.37055796,0.59424293,39101,"Marion, Ohio",0.67791998,1.19686
39,0.44577429,0.59086579,39103,"Medina, Ohio",1.0374399,1.42672
39,0.40929213,0.55743831,39105,"Meigs, Ohio",0.72807002,1.12552
39,0.50767016,0.67838043,39107,"Mercer, Ohio",1.00626,1.4576401
39,0.40883115,0.60155153,39109,"Miami, Ohio",0.84397,1.32996
39,0.46696314,0.63952988,39111,"Monroe, Ohio",0.85277998,1.14957
39,0.35244924,0.5575583,39113,"Montgomery, Ohio",0.69151998,1.34176
39,0.41496205,0.61636853,39115,"Morgan, Ohio",0.68515003,1.0906301
39,0.4112598,0.58734405,39117,"Morrow, Ohio",0.86496001,1.2731
39,0.38859117,0.60031819,39119,"Muskingum, Ohio",0.7755,1.25886
39,0.4678086,0.63963485,39121,"Noble, Ohio",0.81796998,1.15056
39,0.44229507,0.61025625,39123,"Ottawa, Ohio",0.90588999,1.3034
39,0.44101414,0.60222709,39125,"Paulding, Ohio",0.84733999,1.23287
39,0.39326105,0.58293277,39127,"Perry, Ohio",0.80677003,1.21425
39,0.37660342,0.57833749,39129,"Pickaway, Ohio",0.82278001,1.29172
39,0.35646042,0.56111807,39131,"Pike, Ohio",0.66828001,1.1109101
39,0.42117682,0.57527405,39133,"Portage, Ohio",0.90020001,1.35528
39,0.41515416,0.55823743,39135,"Preble, Ohio",0.86185998,1.24088
39,0.49139604,0.66465271,39137,"Putnam, Ohio",1.0652601,1.47163
39,0.38115731,0.57727051,39139,"Richland, Ohio",0.70231003,1.1982
39,0.35819083,0.56646663,39141,"Ross, Ohio",0.70226997,1.17285
39,0.40432855,0.59985757,39143,"Sandusky, Ohio",0.77818,1.2022099
39,0.3736333,0.57624793,39145,"Scioto, Ohio",0.67526001,1.1682301
39,0.42119062,0.62100124,39147,"Seneca, Ohio",0.78896999,1.23043
39,0.41735759,0.61310309,39149,"Shelby, Ohio",0.83661997,1.32742
39,0.38796362,0.59575599,39151,"Stark, Ohio",0.73763001,1.2802
39,0.37792158,0.58231032,39153,"Summit, Ohio",0.73465002,1.37565
39,0.38957953,0.57802886,39155,"Trumbull, Ohio",0.68054003,1.1364
39,0.43418533,0.6342485,39157,"Tuscarawas, Ohio",0.79400998,1.23276
39,0.4285728,0.58490717,39159,"Union, Ohio",1.0073299,1.4694901
39,0.41937512,0.62480968,39161,"Van Wert, Ohio",0.85885,1.31598
39,0.37919411,0.55549073,39163,"Vinton, Ohio",0.64091998,1.03501
39,0.41896614,0.59306318,39165,"Warren, Ohio",1.00939,1.48137
39,0.41751724,0.59952879,39167,"Washington, Ohio",0.82717001,1.22905
39,0.42640829,0.59490776,39169,"Wayne, Ohio",0.85602999,1.32921
39,0.41591343,0.60882163,39171,"Williams, Ohio",0.83604002,1.26079
39,0.43317854,0.60299832,39173,"Wood, Ohio",0.95169997,1.39943
39,0.44222394,0.61521202,39175,"Wyandot, Ohio",0.85679001,1.25915
40,0.442307777532468,0.612183505844156,40000,"State average, Oklahoma",0.789574287792208,1.22615168831169
40,0.37219724,0.53354657,40001,"Adair, Oklahoma",0.56884998,1.00754
40,0.54114109,0.69370967,40003,"Alfalfa, Oklahoma",0.97180998,1.39591
40,0.42263991,0.57825243,40005,"Atoka, Oklahoma",0.74085999,1.11412
40,0.5149886,0.63886768,40007,"Beaver, Oklahoma",0.85790002,1.2976201
40,0.47868913,0.66665703,40009,"Beckham, Oklahoma",0.79718,1.26408
40,0.45460588,0.67176884,40011,"Blaine, Oklahoma",0.78219002,1.25757
40,0.41218403,0.60471952,40013,"Bryan, Oklahoma",0.76130998,1.20135
40,0.4012939,0.61589634,40015,"Caddo, Oklahoma",0.71758002,1.17679
40,0.45771703,0.59951049,40017,"Canadian, Oklahoma",0.8969,1.38144
40,0.40885973,0.60663444,40019,"Carter, Oklahoma",0.73022002,1.22088
40,0.39319366,0.57438242,40021,"Cherokee, Oklahoma",0.72100002,1.20561
40,0.39524904,0.5418455,40023,"Choctaw, Oklahoma",0.65806001,1.01099
40,0.55483091,0.58123493,40025,"Cimarron, Oklahoma",0.88417,1.17449
40,0.4452267,0.5858826,40027,"Cleveland, Oklahoma",0.87399,1.3803999
40,0.46106499,0.60097396,40029,"Coal, Oklahoma",0.78437001,1.1515
40,0.40641379,0.56621689,40031,"Comanche, Oklahoma",0.76792997,1.1845
40,0.42786252,0.56962943,40033,"Cotton, Oklahoma",0.81432003,1.1596299
40,0.42418855,0.58166409,40035,"Craig, Oklahoma",0.76392001,1.1448801
40,0.40695789,0.58971882,40037,"Creek, Oklahoma",0.78388,1.23199
40,0.4671948,0.64256227,40039,"Custer, Oklahoma",0.81513,1.33085
40,0.40095812,0.58734149,40041,"Delaware, Oklahoma",0.69872999,1.1427701
40,0.55368984,0.64591849,40043,"Dewey, Oklahoma",1.0147001,1.35964
40,0.55168778,0.6436547,40045,"Ellis, Oklahoma",0.91093999,1.32661
40,0.42931393,0.63380826,40047,"Garfield, Oklahoma",0.74176002,1.31197
40,0.43666449,0.61618334,40049,"Garvin, Oklahoma",0.80202001,1.19706
40,0.44469231,0.60656589,40051,"Grady, Oklahoma",0.84030002,1.2828701
40,0.55995536,0.68470228,40053,"Grant, Oklahoma",1.00205,1.38992
40,0.4684273,0.60308564,40055,"Greer, Oklahoma",0.78727001,1.1689399
40,0.44340447,0.69653517,40057,"Harmon, Oklahoma",0.70244998,1.1179399
40,0.55345017,0.61088687,40059,"Harper, Oklahoma",0.87738001,1.32121
40,0.43947428,0.58048069,40061,"Haskell, Oklahoma",0.73275,1.09806
40,0.41900942,0.66785735,40063,"Hughes, Oklahoma",0.67249,1.07706
40,0.412159,0.5960573,40065,"Jackson, Oklahoma",0.76111001,1.31513
40,0.45618045,0.65585387,40067,"Jefferson, Oklahoma",0.79698002,1.17364
40,0.45212707,0.64762932,40069,"Johnston, Oklahoma",0.77030998,1.1685899
40,0.41981897,0.60268295,40071,"Kay, Oklahoma",0.71648997,1.20263
40,0.50138658,0.67707682,40073,"Kingfisher, Oklahoma",0.87247002,1.36265
40,0.41350058,0.67116922,40075,"Kiowa, Oklahoma",0.74449998,1.20859
40,0.4436385,0.62122238,40077,"Latimer, Oklahoma",0.83036,1.1638499
40,0.42284662,0.60299599,40079,"Le Flore, Oklahoma",0.73620999,1.11352
40,0.41846341,0.61733317,40081,"Lincoln, Oklahoma",0.85468,1.23768
40,0.43208331,0.59257865,40083,"Logan, Oklahoma",0.88113999,1.35276
40,0.43161821,0.61873192,40085,"Love, Oklahoma",0.76358002,1.13498
40,0.4474071,0.60795933,40087,"McClain, Oklahoma",0.93167001,1.3547
40,0.39818236,0.56217968,40089,"McCurtain, Oklahoma",0.63761002,1.03293
40,0.40368307,0.62451756,40091,"McIntosh, Oklahoma",0.72637999,1.1349601
40,0.54057884,0.64848047,40093,"Major, Oklahoma",0.92264998,1.3356301
40,0.44199634,0.6387623,40095,"Marshall, Oklahoma",0.71557999,1.1521
40,0.41728821,0.5810284,40097,"Mayes, Oklahoma",0.76169002,1.18098
40,0.44852561,0.65373081,40099,"Murray, Oklahoma",0.82839,1.23973
40,0.37940943,0.57802469,40101,"Muskogee, Oklahoma",0.66659999,1.15426
40,0.45607072,0.61415815,40103,"Noble, Oklahoma",0.84243,1.35132
40,0.43428656,0.58845115,40105,"Nowata, Oklahoma",0.80958003,1.1802
40,0.4236981,0.56193364,40107,"Okfuskee, Oklahoma",0.68790001,1.0814
40,0.39040723,0.58048314,40109,"Oklahoma, Oklahoma",0.70977998,1.4224499
40,0.40083519,0.57865912,40111,"Okmulgee, Oklahoma",0.71116,1.15877
40,0.40893736,0.56357187,40113,"Osage, Oklahoma",0.82165998,1.25143
40,0.4104107,0.59300905,40115,"Ottawa, Oklahoma",0.67198002,1.0759
40,0.44137794,0.57490951,40117,"Pawnee, Oklahoma",0.80603999,1.16636
40,0.44410369,0.60840744,40119,"Payne, Oklahoma",0.95532,1.42607
40,0.41143885,0.58158022,40121,"Pittsburg, Oklahoma",0.76336002,1.19884
40,0.41975871,0.61273926,40123,"Pontotoc, Oklahoma",0.79229999,1.28697
40,0.39618239,0.58369285,40125,"Pottawatomie, Oklahoma",0.76410002,1.23981
40,0.42017487,0.63041604,40127,"Pushmataha, Oklahoma",0.71293998,1.08092
40,0.53446668,0.73536885,40129,"Roger Mills, Oklahoma",0.91150999,1.28347
40,0.43768945,0.58824062,40131,"Rogers, Oklahoma",0.86802,1.29889
40,0.39502406,0.59642661,40133,"Seminole, Oklahoma",0.64942998,1.13386
40,0.39765969,0.57604885,40135,"Sequoyah, Oklahoma",0.71340001,1.09447
40,0.44099784,0.61298686,40137,"Stephens, Oklahoma",0.81597,1.25642
40,0.45647657,0.62303877,40139,"Texas, Oklahoma",0.63112003,1.14499
40,0.42468703,0.62208551,40141,"Tillman, Oklahoma",0.68554997,1.16682
40,0.39612219,0.57991916,40143,"Tulsa, Oklahoma",0.73294997,1.4025
40,0.42081404,0.57488155,40145,"Wagoner, Oklahoma",0.87896001,1.34676
40,0.41702858,0.60085291,40147,"Washington, Oklahoma",0.82841998,1.3334301
40,0.48955998,0.6371364,40149,"Washita, Oklahoma",0.80930001,1.22989
40,0.49329129,0.66244143,40151,"Woods, Oklahoma",1.0228,1.41469
40,0.46807864,0.63798207,40153,"Woodward, Oklahoma",0.80843002,1.28155
41,0.426512264444444,0.5793963675,41000,"State average, Oregon",0.794841424571429,1.25728372285714
41,0.43905511,0.58568126,41001,"Baker, Oregon",0.74776,1.1848
41,0.44519559,0.57247776,41003,"Benton, Oregon",1.02566,1.4712501
41,0.43468857,0.57442534,41005,"Clackamas, Oregon",0.97426999,1.4439
41,0.42897701,0.56091172,41007,"Clatsop, Oregon",0.85488999,1.28959
41,0.41779009,0.56980497,41009,"Columbia, Oregon",0.89573002,1.26659
41,0.40548992,0.55314767,41011,"Coos, Oregon",0.70731997,1.13691
41,0.41163138,0.55952787,41013,"Crook, Oregon",0.79209,1.1852601
41,0.41694099,0.55121702,41015,"Curry, Oregon",0.76620001,1.2029099
41,0.43062332,0.55779892,41017,"Deschutes, Oregon",0.96754998,1.47482
41,0.4076106,0.55445212,41019,"Douglas, Oregon",0.68304002,1.10093
41,0.42011762,0.66757375,41021,"Gilliam, Oregon",0.87222999,1.19841
41,0.4696677,0.61777967,41023,"Grant, Oregon",0.82319999,1.21854
41,0.41838452,0.6116426,41025,"Harney, Oregon",0.78446001,1.20409
41,0.44208935,0.57541031,41027,"Hood River, Oregon",0.78618997,1.4507999
41,0.40990344,0.55650145,41029,"Jackson, Oregon",0.75441003,1.26677
41,0.39144856,0.54841554,41031,"Jefferson, Oregon",0.60784,1.12624
41,0.41580522,0.55391657,41033,"Josephine, Oregon",0.72365999,1.17496
41,0.41477308,0.58380884,41035,"Klamath, Oregon",0.68084002,1.15756
41,0.46085563,0.62823707,41037,"Lake, Oregon",0.71856999,1.14941
41,0.40850973,0.55676842,41039,"Lane, Oregon",0.83085001,1.3354501
41,0.40164706,0.54643428,41041,"Lincoln, Oregon",0.7281,1.25106
41,0.40478057,0.55758184,41043,"Linn, Oregon",0.81481999,1.26938
41,0.42200261,0.57020897,41045,"Malheur, Oregon",0.59495997,1.06135
41,0.39765701,0.56573308,41047,"Marion, Oregon",0.72185999,1.28308
41,0.45956939,0.60034478,41049,"Morrow, Oregon",0.60996997,1.0440201
41,0.40287063,0.54869711,41051,"Multnomah, Oregon",0.91854,1.53157
41,0.4172501,0.56536192,41053,"Polk, Oregon",0.84210998,1.31191
41,0.42530939,0.61891615,41055,"Sherman, Oregon",0.88849998,1.26599
41,0.42598352,0.56523538,41057,"Tillamook, Oregon",0.75831997,1.24485
41,0.41691139,0.57379687,41059,"Umatilla, Oregon",0.66812998,1.1309
41,0.44449237,0.57796973,41061,"Union, Oregon",0.78798002,1.2109801
41,0.47885618,0.59247857,41063,"Wallowa, Oregon",0.91021001,1.32278
41,0.42248067,0.57568228,41065,"Wasco, Oregon",0.75089002,1.21387
41,0.4319689,0.57334465,41067,"Washington, Oregon",0.97408998,1.46714
41,0.49662483,0.72792155,41069,"Wheeler, Oregon",,
41,0.41647947,0.5590632,41071,"Yamhill, Oregon",0.85421002,1.35686
42,0.446078264029851,0.617045292835821,42000,"State average, Pennsylvania",0.862979103283582,1.31161865373134
42,0.45563412,0.61562252,42001,"Adams, Pennsylvania",0.97083998,1.36598
42,0.42562932,0.61435783,42003,"Allegheny, Pennsylvania",0.88018,1.51047
42,0.46521413,0.64708275,42005,"Armstrong, Pennsylvania",0.87656999,1.2414
42,0.43636879,0.62000048,42007,"Beaver, Pennsylvania",0.86811,1.34496
42,0.44124061,0.63303,42009,"Bedford, Pennsylvania",0.84540999,1.17926
42,0.42438889,0.61500078,42011,"Berks, Pennsylvania",0.78762001,1.3960299
42,0.42264315,0.60938698,42013,"Blair, Pennsylvania",0.78536999,1.26897
42,0.45534164,0.62099725,42015,"Bradford, Pennsylvania",0.81533998,1.22324
42,0.46760008,0.61879516,42017,"Bucks, Pennsylvania",1.0862,1.53847
42,0.46316692,0.62451041,42019,"Butler, Pennsylvania",1.00737,1.46595
42,0.45576891,0.64831549,42021,"Cambria, Pennsylvania",0.80493999,1.25465
42,0.41122991,0.59476238,42023,"Cameron, Pennsylvania",0.78442001,1.14194
42,0.45852551,0.61808956,42025,"Carbon, Pennsylvania",0.94252002,1.3253599
42,0.45282644,0.60984403,42027,"Centre, Pennsylvania",1.077,1.51098
42,0.44793132,0.61499023,42029,"Chester, Pennsylvania",1.0078,1.59848
42,0.48216233,0.63916117,42031,"Clarion, Pennsylvania",0.815,1.22086
42,0.4492628,0.62026644,42033,"Clearfield, Pennsylvania",0.7572,1.17864
42,0.43444613,0.62098366,42035,"Clinton, Pennsylvania",0.81599998,1.20771
42,0.44238836,0.61966437,42037,"Columbia, Pennsylvania",0.90041,1.31727
42,0.43910643,0.60736734,42039,"Crawford, Pennsylvania",0.78702998,1.21343
42,0.45088053,0.61400425,42041,"Cumberland, Pennsylvania",0.98786002,1.4595
42,0.38839087,0.59101933,42043,"Dauphin, Pennsylvania",0.75862002,1.37054
42,0.43458602,0.61114228,42045,"Delaware, Pennsylvania",0.87858999,1.51081
42,0.45062852,0.63175684,42047,"Elk, Pennsylvania",0.84274,1.2350301
42,0.40761742,0.59813792,42049,"Erie, Pennsylvania",0.74436998,1.3044
42,0.43283102,0.63379747,42051,"Fayette, Pennsylvania",0.72009999,1.1891299
42,0.43540964,0.64728951,42053,"Forest, Pennsylvania",0.83029997,1.21024
42,0.43874699,0.60015434,42055,"Franklin, Pennsylvania",0.85508001,1.30829
42,0.44503301,0.61231911,42057,"Fulton, Pennsylvania",0.87519997,1.18247
42,0.47509074,0.62595803,42059,"Greene, Pennsylvania",0.82053,1.24721
42,0.44995984,0.6059615,42061,"Huntingdon, Pennsylvania",0.81386,1.19741
42,0.48686141,0.63967508,42063,"Indiana, Pennsylvania",0.85698003,1.27316
42,0.46141005,0.62642908,42065,"Jefferson, Pennsylvania",0.79215997,1.17285
42,0.46377292,0.62716132,42067,"Juniata, Pennsylvania",0.85202998,1.26121
42,0.44802672,0.62015849,42069,"Lackawanna, Pennsylvania",0.83389997,1.36747
42,0.44070688,0.61070293,42071,"Lancaster, Pennsylvania",0.88984001,1.45915
42,0.43707779,0.62394702,42073,"Lawrence, Pennsylvania",0.8143,1.27836
42,0.44392481,0.61688304,42075,"Lebanon, Pennsylvania",0.80646998,1.35159
42,0.43312383,0.6160515,42077,"Lehigh, Pennsylvania",0.77371001,1.406
42,0.44204918,0.62037855,42079,"Luzerne, Pennsylvania",0.77534997,1.3059601
42,0.43198708,0.61079389,42081,"Lycoming, Pennsylvania",0.85042,1.3163
42,0.43958393,0.62065119,42083,"McKean, Pennsylvania",0.71309,1.1539299
42,0.42376709,0.6246168,42085,"Mercer, Pennsylvania",0.78386003,1.2488101
42,0.42336681,0.61287129,42087,"Mifflin, Pennsylvania",0.76933002,1.18067
42,0.4337526,0.56296623,42089,"Monroe, Pennsylvania",0.98337001,1.33745
42,0.46882311,0.62546694,42091,"Montgomery, Pennsylvania",1.05414,1.60303
42,0.4370366,0.61418372,42093,"Montour, Pennsylvania",1.0483201,1.50537
42,0.43258461,0.61407655,42095,"Northampton, Pennsylvania",0.96735001,1.4809901
42,0.45474944,0.62270027,42097,"Northumberland, Pennsylvania",0.80321002,1.23426
42,0.42804828,0.6080901,42099,"Perry, Pennsylvania",0.94691998,1.29948
42,0.36610064,0.56903023,42101,"Philadelphia, Pennsylvania",0.72140998,1.45938
42,0.46349388,0.57831156,42103,"Pike, Pennsylvania",1.0429,1.38026
42,0.46325719,0.63454437,42105,"Potter, Pennsylvania",0.81028003,1.16248
42,0.44971392,0.63638961,42107,"Schuylkill, Pennsylvania",0.84337002,1.2610199
42,0.44214579,0.62602997,42109,"Snyder, Pennsylvania",0.89385003,1.2753
42,0.45376033,0.64025033,42111,"Somerset, Pennsylvania",0.84035999,1.21535
42,0.53044689,0.6529358,42113,"Sullivan, Pennsylvania",0.90698999,1.24123
42,0.45959121,0.59722763,42115,"Susquehanna, Pennsylvania",0.86316001,1.22618
42,0.47293359,0.61067462,42117,"Tioga, Pennsylvania",0.83758998,1.20118
42,0.47548053,0.61524105,42119,"Union, Pennsylvania",0.92391998,1.41029
42,0.41739526,0.59531683,42121,"Venango, Pennsylvania",0.72775,1.15398
42,0.42634737,0.58916974,42123,"Warren, Pennsylvania",0.76808,1.19207
42,0.46436018,0.63214195,42125,"Washington, Pennsylvania",0.91777998,1.41053
42,0.47583526,0.6053198,42127,"Wayne, Pennsylvania",0.97128999,1.32331
42,0.46299458,0.63449895,42129,"Westmoreland, Pennsylvania",0.91854,1.36357
42,0.47153375,0.61700404,42131,"Wyoming, Pennsylvania",0.89131999,1.2672499
42,0.42114979,0.60637474,42133,"York, Pennsylvania",0.88367999,1.37995
44,0.43792681,0.599453892,44000,"State average, Rhode Island",1.023337978,1.52717002
44,0.46408543,0.60778528,44001,"Bristol, Rhode Island",1.1302299,1.58513
44,0.43465173,0.60285968,44003,"Kent, Rhode Island",1.02583,1.49044
44,0.42680976,0.58983368,44005,"Newport, Rhode Island",1.029,1.5630701
44,0.42099854,0.60133195,44007,"Providence, Rhode Island",0.77961999,1.4225
44,0.44308859,0.59545887,44009,"Washington, Rhode Island",1.15201,1.57471
45,0.351323171521739,0.543497501304348,45000,"State average, South Carolina",0.563832824347826,1.08301108065217
45,0.36302206,0.56161982,45001,"Abbeville, South Carolina",0.58048999,1.08771
45,0.36505768,0.54637748,45003,"Aiken, South Carolina",0.63625997,1.1969399
45,0.3140409,0.47079739,45005,"Allendale, South Carolina",0.36094999,0.82994998
45,0.35749573,0.55010688,45007,"Anderson, South Carolina",0.63639998,1.1750799
45,0.32871559,0.54753977,45009,"Bamberg, South Carolina",0.46811,0.90333003
45,0.33685982,0.54810411,45011,"Barnwell, South Carolina",0.48780999,0.97305
45,0.37319136,0.55233049,45013,"Beaufort, South Carolina",0.72795999,1.34289
45,0.37994879,0.5352937,45015,"Berkeley, South Carolina",0.73764002,1.27744
45,0.3568759,0.55483568,45017,"Calhoun, South Carolina",0.54623997,1.00606
45,0.36443993,0.54240328,45019,"Charleston, South Carolina",0.79374999,1.5379601
45,0.33409831,0.53176045,45021,"Cherokee, South Carolina",0.47005999,0.94793999
45,0.33758575,0.5219599,45023,"Chester, South Carolina",0.51235998,0.94243997
45,0.34973195,0.55217004,45025,"Chesterfield, South Carolina",0.50814003,0.91847003
45,0.35901266,0.55771178,45027,"Clarendon, South Carolina",0.51820999,0.99928999
45,0.3594847,0.53751785,45029,"Colleton, South Carolina",0.49731001,0.94217998
45,0.3379581,0.54191214,45031,"Darlington, South Carolina",0.49919,1.04598
45,0.3288188,0.53746063,45033,"Dillon, South Carolina",0.40854001,0.81436002
45,0.38715836,0.56554013,45035,"Dorchester, South Carolina",0.72189999,1.21775
45,0.34676284,0.52419984,45037,"Edgefield, South Carolina",0.64774001,1.20897
45,0.32955003,0.5189808,45039,"Fairfield, South Carolina",0.50717998,1.0123
45,0.35022402,0.54834324,45041,"Florence, South Carolina",0.53241998,1.06514
45,0.3506048,0.54872429,45043,"Georgetown, South Carolina",0.53513998,1.1294399
45,0.36447281,0.55445671,45045,"Greenville, South Carolina",0.71420002,1.36092
45,0.34375152,0.53210282,45047,"Greenwood, South Carolina",0.51762003,1.1288199
45,0.34773338,0.55056697,45049,"Hampton, South Carolina",0.49610999,0.86093998
45,0.36631173,0.54168659,45051,"Horry, South Carolina",0.73052001,1.23172
45,0.33272314,0.50417888,45053,"Jasper, South Carolina",0.51749998,1.04416
45,0.36409491,0.5525617,45055,"Kershaw, South Carolina",0.66712999,1.15967
45,0.342426,0.54219347,45057,"Lancaster, South Carolina",0.61717999,1.33176
45,0.34825429,0.53767812,45059,"Laurens, South Carolina",0.51590002,1.03082
45,0.33804891,0.53584057,45061,"Lee, South Carolina",0.43004999,0.92739999
45,0.38097638,0.57232249,45063,"Lexington, South Carolina",0.72398001,1.27167
45,0.34233049,0.51916528,45065,"McCormick, South Carolina",0.55756003,1.21316
45,0.33668154,0.52801663,45067,"Marion, South Carolina",0.42501,0.85082
45,0.32818368,0.51726067,45069,"Marlboro, South Carolina",0.38475001,0.76222003
45,0.36509457,0.58184677,45071,"Newberry, South Carolina",0.54468,1.13087
45,0.37738848,0.56425172,45073,"Oconee, South Carolina",0.65385002,1.1856101
45,0.34816667,0.53065109,45075,"Orangeburg, South Carolina",0.47217,0.91347998
45,0.36054209,0.55470961,45077,"Pickens, South Carolina",0.74076003,1.27142
45,0.33710688,0.53611892,45079,"Richland, South Carolina",0.62936002,1.22928
45,0.3638905,0.58734441,45081,"Saluda, South Carolina",0.41246,0.93080002
45,0.35413489,0.55929601,45083,"Spartanburg, South Carolina",0.63480002,1.16661
45,0.35542685,0.56530726,45085,"Sumter, South Carolina",0.54737997,1.1075
45,0.34257308,0.52084273,45087,"Union, South Carolina",0.46540999,0.90985
45,0.3518706,3.335979,45089,"Williamsburg, South Carolina",0.44545999,0.85307002
45,0.35804442,0.5590049,45091,"York, South Carolina",0.75866997,1.3712699
46,0.517386368333333,0.651227263030303,46000,"State average, South Dakota",0.953253048474576,1.41167779457627
46,0.56149024,0.70888352,46003,"Aurora, South Dakota",1.01745,1.45669
46,0.48727971,0.64730388,46005,"Beadle, South Dakota",0.70385998,1.33157
46,0.42284983,0.72999054,46007,"Bennett, South Dakota",0.46919999,1.08373
46,0.56463987,0.66300613,46009,"Bon Homme, South Dakota",1.10237,1.43001
46,0.53063548,0.64458281,46011,"Brookings, South Dakota",1.12134,1.54717
46,0.50886953,0.64219612,46013,"Brown, South Dakota",0.97460002,1.4883
46,0.54367548,0.65749961,46015,"Brule, South Dakota",0.93831998,1.43484
46,0.35297927,0.56746578,46017,"Buffalo, South Dakota",,
46,0.4887557,0.63408631,46019,"Butte, South Dakota",0.93114001,1.31994
46,0.64075756,0.7563237,46021,"Campbell, South Dakota",,
46,0.49512973,0.67087311,46023,"Charles Mix, South Dakota",0.68909001,1.43538
46,0.58590591,0.70085776,46025,"Clark, South Dakota",1.0449899,1.4798
46,0.49118146,0.61164534,46027,"Clay, South Dakota",1.12011,1.52776
46,0.49549243,0.64619863,46029,"Codington, South Dakota",1.03684,1.43756
46,0.4951005,0.72458702,46031,"Corson, South Dakota",0.42884001,1.23964
46,0.5225113,0.60579801,46033,"Custer, South Dakota",1.03025,1.41088
46,0.49640808,0.65970916,46035,"Davison, South Dakota",0.95797002,1.45555
46,0.52431262,0.68155038,46037,"Day, South Dakota",1.04679,1.47032
46,0.55837452,0.61519593,46039,"Deuel, South Dakota",1.1843801,1.4552701
46,0.32285646,0.5176301,46041,"Dewey, South Dakota",0.43900999,1.0490299
46,0.62231493,0.68627989,46043,"Douglas, South Dakota",1.1218899,1.49432
46,0.63141114,0.65832424,46045,"Edmunds, South Dakota",1.0732,1.5051301
46,0.48048779,0.6237601,46047,"Fall River, South Dakota",0.90066999,1.3041
46,0.57583451,0.70209491,46049,"Faulk, South Dakota",1.2204,1.58609
46,0.52377838,0.6847418,46051,"Grant, South Dakota",0.97103,1.48413
46,0.57165724,0.68665802,46053,"Gregory, South Dakota",0.95346999,1.37341
46,0.58954352,0.69967806,46055,"Haakon, South Dakota",1.03464,1.3913
46,0.55332106,0.67707723,46057,"Hamlin, South Dakota",0.94291002,1.42444
46,0.58249176,0.76088315,46059,"Hand, South Dakota",1.20684,1.47685
46,0.57912052,0.69286168,46061,"Hanson, South Dakota",1.21354,1.4947701
46,0.68827528,0.63864166,46063,"Harding, South Dakota",,
46,0.45549461,0.65979469,46065,"Hughes, South Dakota",0.94766003,1.4876699
46,0.60897982,0.65303576,46067,"Hutchinson, South Dakota",1.12265,1.50819
46,0.56090772,0.68588352,46069,"Hyde, South Dakota",1.04081,1.44897
46,0.48445693,0.68423516,46071,"Jackson, South Dakota",0.51108998,1.20906
46,0.58494878,0.69438368,46073,"Jerauld, South Dakota",0.99953002,1.41717
46,0.44659027,0.71989805,46075,"Jones, South Dakota",,
46,0.58351773,0.67371142,46077,"Kingsbury, South Dakota",1.1634099,1.4821
46,0.54938751,0.66224253,46079,"Lake, South Dakota",1.06596,1.50896
46,0.5049876,0.62495816,46081,"Lawrence, South Dakota",1.0430599,1.40924
46,0.51451063,0.639745,46083,"Lincoln, South Dakota",1.15819,1.5539
46,0.39020699,0.59143156,46085,"Lyman, South Dakota",0.56233001,1.26954
46,0.5833137,0.69831854,46087,"McCook, South Dakota",1.13397,1.5088
46,0.57158643,0.69313031,46089,"McPherson, South Dakota",1.16277,1.51148
46,0.51115954,0.65601689,46091,"Marshall, South Dakota",0.89946002,1.47542
46,0.47256964,0.60163426,46093,"Meade, South Dakota",1.00753,1.35978
46,0.48796114,0.65178782,46095,"Mellette, South Dakota",,
46,0.56584352,0.73069566,46097,"Miner, South Dakota",1.19283,1.5217299
46,0.45521829,0.62714899,46099,"Minnehaha, South Dakota",0.90403998,1.52853
46,0.50789303,0.63202703,46101,"Moody, South Dakota",0.90495002,1.4623899
46,0.24840364,0.31241944,46102,"Shannon, South Dakota",0.33048001,0.91438001
46,0.42782056,0.60377824,46103,"Pennington, South Dakota",0.83902001,1.37183
46,0.55530196,0.67224973,46105,"Perkins, South Dakota",1.15097,1.40527
46,0.55808425,0.62066573,46107,"Potter, South Dakota",1.23702,1.5063
46,0.45691672,0.66310835,46109,"Roberts, South Dakota",0.65166998,1.29546
46,0.55815685,0.69867617,46111,"Sanborn, South Dakota",1.01472,1.42822
46,0.57105494,0.64685518,46115,"Spink, South Dakota",1.08323,1.47149
46,0.52386951,0.60470772,46117,"Stanley, South Dakota",0.97946,1.40512
46,0.62413061,0.66749865,46119,"Sully, South Dakota",,
46,0.30178499,0.46414623,46121,"Todd, South Dakota",0.29469001,0.97662997
46,0.52794182,0.67516971,46123,"Tripp, South Dakota",0.86050999,1.35698
46,0.57038289,0.66141945,46125,"Turner, South Dakota",1.14179,1.50468
46,0.52143943,0.63836807,46127,"Union, South Dakota",1.1800801,1.54179
46,0.49720278,0.68834472,46129,"Walworth, South Dakota",0.84601998,1.42422
46,0.49434793,0.64574021,46135,"Yankton, South Dakota",0.93689001,1.43571
46,0.38368574,0.54138815,46137,"Ziebach, South Dakota",,
47,0.379311639473684,0.558493979894737,47000,"State average, Tennessee",0.679045161052632,1.11997589726316
47,0.38087597,0.55836517,47001,"Anderson, Tennessee",0.75264001,1.25878
47,0.38758874,0.5456847,47003,"Bedford, Tennessee",0.62904,1.11467
47,0.37248281,0.56101036,47005,"Benton, Tennessee",0.63856,1.02584
47,0.41126662,0.59386665,47007,"Bledsoe, Tennessee",0.59378999,1.0189199
47,0.37461588,0.55735403,47009,"Blount, Tennessee",0.77205002,1.29143
47,0.37486762,0.54706895,47011,"Bradley, Tennessee",0.68295002,1.21049
47,0.35711318,0.5309934,47013,"Campbell, Tennessee",0.58462,0.95432001
47,0.41260573,0.56442314,47015,"Cannon, Tennessee",0.76207,1.17652
47,0.39007095,0.58958364,47017,"Carroll, Tennessee",0.69080001,1.1101201
47,0.36028162,0.54841971,47019,"Carter, Tennessee",0.60005999,1.04591
47,0.39842758,0.54290575,47021,"Cheatham, Tennessee",0.84446001,1.32537
47,0.39474192,0.5786823,47023,"Chester, Tennessee",0.75444001,1.22027
47,0.38336492,0.54665154,47025,"Claiborne, Tennessee",0.60639,1.09214
47,0.41744497,0.60196018,47027,"Clay, Tennessee",0.66702998,0.99125999
47,0.35064262,0.527228,47029,"Cocke, Tennessee",0.53513002,0.93485999
47,0.39557439,0.58340353,47031,"Coffee, Tennessee",0.69243002,1.17459
47,0.37640527,0.56793982,47033,"Crockett, Tennessee",0.67750001,1.1655101
47,0.39205098,0.54984766,47035,"Cumberland, Tennessee",0.62562001,1.03334
47,0.35509214,0.54133159,47037,"Davidson, Tennessee",0.71960002,1.4992501
47,0.41179168,0.62771624,47039,"Decatur, Tennessee",0.75637001,1.11254
47,0.38730413,0.5434351,47041,"DeKalb, Tennessee",0.63034999,1.06861
47,0.40143868,0.56219631,47043,"Dickson, Tennessee",0.74438,1.2005399
47,0.36140946,0.56933337,47045,"Dyer, Tennessee",0.62905002,1.1095901
47,0.33418763,0.52949113,47047,"Fayette, Tennessee",0.83490002,1.40459
47,0.36449346,0.54814947,47049,"Fentress, Tennessee",0.57985002,0.94696999
47,0.3945379,0.5898273,47051,"Franklin, Tennessee",0.69016999,1.15583
47,0.35932791,0.56752449,47053,"Gibson, Tennessee",0.70519,1.1828001
47,0.38008285,0.55833763,47055,"Giles, Tennessee",0.66206998,1.0715801
47,0.38071308,0.54592395,47057,"Grainger, Tennessee",0.59908998,0.98221999
47,0.36166871,0.54612869,47059,"Greene, Tennessee",0.59437001,1.05352
47,0.3889381,0.53469205,47061,"Grundy, Tennessee",0.60712999,1.00455
47,0.35783371,0.54300302,47063,"Hamblen, Tennessee",0.56844002,1.0660501
47,0.35301656,0.55046088,47065,"Hamilton, Tennessee",0.75304002,1.37353
47,0.38425693,0.52969748,47067,"Hancock, Tennessee",0.51174003,0.77860999
47,0.34753621,0.52728897,47069,"Hardeman, Tennessee",0.59661001,0.97092998
47,0.38925275,0.56286192,47071,"Hardin, Tennessee",0.69696999,1.12316
47,0.36921012,0.54245138,47073,"Hawkins, Tennessee",0.59419,0.99808002
47,0.31953949,0.52946782,47075,"Haywood, Tennessee",0.50795001,0.99365002
47,0.3846578,0.56273615,47077,"Henderson, Tennessee",0.69380999,1.08753
47,0.37534887,0.55176264,47079,"Henry, Tennessee",0.6868,1.15755
47,0.38483703,0.54148859,47081,"Hickman, Tennessee",0.68589997,1.10026
47,0.41098171,0.59101176,47083,"Houston, Tennessee",0.71349001,1.02697
47,0.38878846,0.58682603,47085,"Humphreys, Tennessee",0.67760998,1.06075
47,0.37578982,0.56444007,47087,"Jackson, Tennessee",0.65932,1.04059
47,0.37141019,0.55604005,47089,"Jefferson, Tennessee",0.69108999,1.1119601
47,0.35657963,0.51818585,47091,"Johnson, Tennessee",0.5571,0.97421998
47,0.3602325,0.55459243,47093,"Knox, Tennessee",0.78470999,1.40165
47,0.33154741,0.53164321,47095,"Lake, Tennessee",0.52592999,0.97745001
47,0.35393196,0.57232779,47097,"Lauderdale, Tennessee",0.56652999,0.99094999
47,0.38200092,0.57404977,47099,"Lawrence, Tennessee",0.67153001,1.0674
47,0.38793707,0.54116559,47101,"Lewis, Tennessee",0.68299001,1.0573699
47,0.41405612,0.57544905,47103,"Lincoln, Tennessee",0.66999,1.10137
47,0.37602723,0.53566033,47105,"Loudon, Tennessee",0.71500999,1.22865
47,0.37986007,0.54869843,47107,"McMinn, Tennessee",0.65197998,1.10384
47,0.38462278,0.55652809,47109,"McNairy, Tennessee",0.74825001,1.1582
47,0.41042402,0.56726027,47111,"Macon, Tennessee",0.62804002,1.02092
47,0.34448504,0.56462348,47113,"Madison, Tennessee",0.61183,1.2162499
47,0.38235199,0.55565047,47115,"Marion, Tennessee",0.63818997,1.01297
47,0.38198176,0.54937416,47117,"Marshall, Tennessee",0.72364998,1.1914901
47,0.3699193,0.54330593,47119,"Maury, Tennessee",0.80249,1.4128799
47,0.37347463,0.56211442,47121,"Meigs, Tennessee",0.58504999,1.0051301
47,0.37495977,0.5646807,47123,"Monroe, Tennessee",0.60153002,1.0044399
47,0.37216002,0.54631203,47125,"Montgomery, Tennessee",0.83792001,1.22261
47,0.44952258,0.61028147,47127,"Moore, Tennessee",0.84228998,1.15336
47,0.38531432,0.5824278,47129,"Morgan, Tennessee",0.64822,1.00887
47,0.37508652,0.5490492,47131,"Obion, Tennessee",0.6631,1.16185
47,0.39765087,0.57552141,47133,"Overton, Tennessee",0.70015001,1.03438
47,0.37251553,0.58163732,47135,"Perry, Tennessee",0.68383998,1.0406899
47,0.42832074,0.59890389,47137,"Pickett, Tennessee",0.66235,0.97088999
47,0.37386617,0.57169539,47139,"Polk, Tennessee",0.64074999,1.0015399
47,0.39504185,0.56246728,47141,"Putnam, Tennessee",0.74646997,1.21258
47,0.37086412,0.54934275,47143,"Rhea, Tennessee",0.59630001,1.07265
47,0.35640827,0.54006112,47145,"Roane, Tennessee",0.67638999,1.1095999
47,0.39402518,0.56333494,47147,"Robertson, Tennessee",0.76104999,1.2835799
47,0.38541704,0.54815722,47149,"Rutherford, Tennessee",0.82494003,1.28747
47,0.37750253,0.54281616,47151,"Scott, Tennessee",0.57778001,0.90706998
47,0.3554472,0.56221521,47153,"Sequatchie, Tennessee",0.63419002,1.02248
47,0.36616534,0.54104465,47155,"Sevier, Tennessee",0.67552,1.15113
47,0.31822866,0.53105611,47157,"Shelby, Tennessee",0.52814001,1.2503901
47,0.41190237,0.60587835,47159,"Smith, Tennessee",0.71149999,1.10078
47,0.40899262,0.53995258,47161,"Stewart, Tennessee",0.81932002,1.12129
47,0.35718608,0.56156725,47163,"Sullivan, Tennessee",0.67641002,1.17118
47,0.40631235,0.56860518,47165,"Sumner, Tennessee",0.82476002,1.35479
47,0.35908478,0.54961848,47167,"Tipton, Tennessee",0.80690002,1.26363
47,0.38320497,0.57702756,47169,"Trousdale, Tennessee",0.67444003,1.06286
47,0.36653757,0.56882054,47171,"Unicoi, Tennessee",0.62787998,1.0549001
47,0.36554793,0.54131275,47173,"Union, Tennessee",0.60087001,1.0068099
47,0.38386759,0.54139745,47175,"Van Buren, Tennessee",0.59694999,0.96481001
47,0.37481052,0.55047113,47177,"Warren, Tennessee",0.60272002,1.10167
47,0.35660639,0.54373807,47179,"Washington, Tennessee",0.74717999,1.27663
47,0.41273278,0.53875661,47181,"Wayne, Tennessee",0.68234003,1.02966
47,0.38108546,0.57583594,47183,"Weakley, Tennessee",0.76284999,1.20039
47,0.36978859,0.56687593,47185,"White, Tennessee",0.62506998,1.05993
47,0.43447807,0.58626556,47187,"Williamson, Tennessee",1.1341701,1.5980901
47,0.40067139,0.57015818,47189,"Wilson, Tennessee",0.85267001,1.3874201
48,0.442737695674603,0.621125625555556,48000,"State average, Texas",0.766790257012987,1.23867549545455
48,0.39933142,0.58860624,48001,"Anderson, Texas",0.68866998,1.11341
48,0.54313022,0.66474921,48003,"Andrews, Texas",0.84294999,1.26439
48,0.40251619,0.5972876,48005,"Angelina, Texas",0.69543999,1.1998
48,0.44396698,0.58504629,48007,"Aransas, Texas",0.80969,1.30428
48,0.47960144,0.65142274,48009,"Archer, Texas",0.87865001,1.33162
48,0.48240829,0.61883426,48011,"Armstrong, Texas",1.07024,1.4157701
48,0.43785176,0.61895937,48013,"Atascosa, Texas",0.68539,1.09377
48,0.44262847,0.63744193,48015,"Austin, Texas",0.82190001,1.34323
48,0.45072377,0.6453495,48017,"Bailey, Texas",0.56537998,1.13842
48,0.41130218,0.56745261,48019,"Bandera, Texas",0.92465001,1.33334
48,0.39969209,0.55013686,48021,"Bastrop, Texas",0.66676003,1.24702
48,0.48146331,0.67814034,48023,"Baylor, Texas",0.84042001,1.2900701
48,0.42976871,0.61685276,48025,"Bee, Texas",0.67040998,1.0968
48,0.38150492,0.57172757,48027,"Bell, Texas",0.77035999,1.20402
48,0.39763954,0.56855828,48029,"Bexar, Texas",0.71173,1.29696
48,0.41617861,0.59728825,48031,"Blanco, Texas",0.97692001,1.45526
48,0.4154121,0.62411207,48035,"Bosque, Texas",0.81014001,1.28486
48,0.37213114,0.57583278,48037,"Bowie, Texas",0.67631,1.14659
48,0.45193887,0.60462171,48039,"Brazoria, Texas",0.83867002,1.3332
48,0.40521902,0.59888941,48041,"Brazos, Texas",0.82018,1.47082
48,0.48156571,0.59372163,48043,"Brewster, Texas",0.98229998,1.38553
48,0.53149396,0.64602059,48045,"Briscoe, Texas",,
48,0.46043929,0.63806474,48047,"Brooks, Texas",0.47837001,0.91110998
48,0.41986787,0.60175318,48049,"Brown, Texas",0.76362997,1.21429
48,0.44433939,0.65195692,48051,"Burleson, Texas",0.79666001,1.35992
48,0.40914196,0.58891082,48053,"Burnet, Texas",0.83811003,1.35677
48,0.40088642,0.56842303,48055,"Caldwell, Texas",0.68268001,1.1992199
48,0.44452664,0.62185967,48057,"Calhoun, Texas",0.74904001,1.21225
48,0.46301886,0.61667418,48059,"Callahan, Texas",0.85600001,1.26308
48,0.42624635,0.56128079,48061,"Cameron, Texas",0.48561999,0.91816998
48,0.3853991,0.61049008,48063,"Camp, Texas",0.69485003,1.166
48,0.51317883,0.63176709,48065,"Carson, Texas",1.04585,1.397
48,0.40611151,0.60421753,48067,"Cass, Texas",0.73061001,1.13359
48,0.43991107,0.61777759,48069,"Castro, Texas",0.62001997,1.31062
48,0.44866237,0.63052773,48071,"Chambers, Texas",0.85763001,1.33983
48,0.39653513,0.60399395,48073,"Cherokee, Texas",0.64780998,1.2451
48,0.4231095,0.63730031,48075,"Childress, Texas",0.78938001,1.20982
48,0.44790524,0.62631679,48077,"Clay, Texas",0.90792,1.25543
48,0.43910554,0.58787936,48079,"Cochran, Texas",0.65393001,1.1337
48,0.44959652,0.75691748,48081,"Coke, Texas",0.9702,1.3794301
48,0.43546647,0.62767708,48083,"Coleman, Texas",0.72548997,1.24508
48,0.45394358,0.5997023,48085,"Collin, Texas",1.0616699,1.5087399
48,0.46057707,0.67743462,48087,"Collingsworth, Texas",0.75351,1.27011
48,0.42540532,0.66115236,48089,"Colorado, Texas",0.73430002,1.33099
48,0.43416798,0.59972578,48091,"Comal, Texas",0.99019003,1.47712
48,0.45486316,0.62077826,48093,"Comanche, Texas",0.74312001,1.24283
48,0.52415884,0.74377477,48095,"Concho, Texas",,
48,0.44585288,0.63043731,48097,"Cooke, Texas",0.80071998,1.28833
48,0.40343523,0.54574388,48099,"Coryell, Texas",0.83302999,1.17145
48,0.39484718,0.81660867,48101,"Cottle, Texas",,
48,0.53925216,0.64357001,48103,"Crane, Texas",0.77411997,1.18483
48,0.47646713,0.71721929,48105,"Crockett, Texas",0.75739002,1.19661
48,0.40937132,0.62148327,48107,"Crosby, Texas",0.72017002,1.25254
48,0.46897694,0.67715013,48109,"Culberson, Texas",0.77182001,1.33402
48,0.45967686,0.59998697,48111,"Dallam, Texas",0.64752001,1.1992199
48,0.37589943,0.56581503,48113,"Dallas, Texas",0.63424999,1.36524
48,0.44701844,0.66522843,48115,"Dawson, Texas",0.63875997,1.22446
48,0.42450094,0.63974118,48117,"Deaf Smith, Texas",0.57874,1.0478899
48,0.41349772,0.62295574,48119,"Delta, Texas",0.83983999,1.22589
48,0.44373801,0.58544213,48121,"Denton, Texas",0.98328,1.45365
48,0.44684204,0.66443902,48123,"DeWitt, Texas",0.77981001,1.26452
48,0.45186526,0.67180353,48125,"Dickens, Texas",,
48,0.43902838,0.62324196,48127,"Dimmit, Texas",0.57446003,0.92925
48,0.40681529,0.54640228,48129,"Donley, Texas",0.91601002,1.26194
48,0.47473663,0.6231463,48131,"Duval, Texas",0.59026998,0.94226998
48,0.46302685,0.62453526,48133,"Eastland, Texas",0.78671002,1.20667
48,0.4858841,0.64106685,48135,"Ector, Texas",0.78214997,1.20365
48,0.50898141,0.70651728,48137,"Edwards, Texas",0.69123,1.2074701
48,0.41296163,0.58633232,48139,"Ellis, Texas",0.82852,1.3338799
48,0.42117468,0.55993682,48141,"El Paso, Texas",0.64658999,1.0541101
48,0.45399144,0.62204933,48143,"Erath, Texas",0.86059999,1.34972
48,0.40163869,0.6109814,48145,"Falls, Texas",0.56549001,1.14258
48,0.40095612,0.57084006,48147,"Fannin, Texas",0.83718997,1.27124
48,0.48260251,0.67926401,48149,"Fayette, Texas",0.8592,1.37727
48,0.459178,0.63703126,48151,"Fisher, Texas",0.86805999,1.31747
48,0.42164025,0.6714682,48153,"Floyd, Texas",0.69265002,1.24544
48,0.44192326,0.52638698,48155,"Foard, Texas",,
48,0.4382951,0.60317826,48157,"Fort Bend, Texas",0.85812998,1.49045
48,0.44132471,0.59494478,48159,"Franklin, Texas",0.80655003,1.2306499
48,0.43880776,0.62914485,48161,"Freestone, Texas",0.76169997,1.18543
48,0.42790347,0.61626631,48163,"Frio, Texas",0.56471002,0.94651002
48,0.50503486,0.68118548,48165,"Gaines, Texas",0.82081997,1.24956
48,0.40848082,0.58335501,48167,"Galveston, Texas",0.83270001,1.4172601
48,0.42851636,0.65255177,48169,"Garza, Texas",0.75414002,1.16899
48,0.46424899,0.63648564,48171,"Gillespie, Texas",0.84829998,1.43358
48,0.39547464,0.71052927,48173,"Glasscock, Texas",,
48,0.48718569,0.66529518,48175,"Goliad, Texas",0.88993001,1.34645
48,0.42258596,0.63643074,48177,"Gonzales, Texas",0.63777,1.1049
48,0.45541066,0.63078678,48179,"Gray, Texas",0.74809998,1.2565
48,0.40058738,0.57742625,48181,"Grayson, Texas",0.82727998,1.33263
48,0.40444586,0.60028827,48183,"Gregg, Texas",0.71904999,1.28373
48,0.4015308,0.60687339,48185,"Grimes, Texas",0.82354999,1.3586299
48,0.41176385,0.58437163,48187,"Guadalupe, Texas",0.85474002,1.32336
48,0.40487853,0.59487832,48189,"Hale, Texas",0.61313999,1.15599
48,0.44830352,0.69457,48191,"Hall, Texas",,
48,0.4526138,0.6419816,48193,"Hamilton, Texas",0.85563999,1.3159699
48,0.48489514,0.70760691,48195,"Hansford, Texas",0.76011997,1.39722
48,0.4525106,0.61216581,48197,"Hardeman, Texas",0.80598998,1.1400599
48,0.45513985,0.61460561,48199,"Hardin, Texas",0.91417003,1.3407201
48,0.41847333,0.59116352,48201,"Harris, Texas",0.67668003,1.37254
48,0.39470598,0.58764392,48203,"Harrison, Texas",0.67927003,1.21262
48,0.46886519,0.65821785,48207,"Haskell, Texas",0.78201997,1.26533
48,0.41159955,0.57749283,48209,"Hays, Texas",0.85219002,1.43251
48,0.48552525,0.64402604,48211,"Hemphill, Texas",0.8549,1.39378
48,0.40969431,0.57583112,48213,"Henderson, Texas",0.75220001,1.20126
48,0.43422085,0.56921571,48215,"Hidalgo, Texas",0.52191001,0.91925001
48,0.39610156,0.62183297,48217,"Hill, Texas",0.74773002,1.19165
48,0.44742355,0.64042658,48219,"Hockley, Texas",0.73356003,1.25058
48,0.42995507,0.59365135,48221,"Hood, Texas",0.90656,1.37842
48,0.42814624,0.60551631,48223,"Hopkins, Texas",0.79097003,1.23524
48,0.39603227,0.5961358,48225,"Houston, Texas",0.65561998,1.16891
48,0.45060152,0.62991667,48227,"Howard, Texas",0.76109999,1.21092
48,0.43164927,0.58859336,48229,"Hudspeth, Texas",,
48,0.39095184,0.57424778,48231,"Hunt, Texas",0.82055002,1.29205
48,0.46785823,0.63170171,48233,"Hutchinson, Texas",0.80466998,1.22873
48,0.60812765,0.59316832,48235,"Irion, Texas",,
48,0.46976399,0.68155754,48237,"Jack, Texas",0.82705998,1.30435
48,0.46249822,0.64343584,48239,"Jackson, Texas",0.83033001,1.26622
48,0.41306955,0.60953063,48241,"Jasper, Texas",0.81098002,1.19171
48,0.43552548,0.50126302,48243,"Jeff Davis, Texas",,
48,0.40101311,0.5867579,48245,"Jefferson, Texas",0.67346001,1.23655
48,0.42917284,0.62054569,48247,"Jim Hogg, Texas",0.57916999,0.85444999
48,0.45932999,0.60916603,48249,"Jim Wells, Texas",0.64227998,1.00525
48,0.43232504,0.57558584,48251,"Johnson, Texas",0.86857998,1.34464
48,0.43938729,0.61704141,48253,"Jones, Texas",0.79263997,1.22489
48,0.45315117,0.68160927,48255,"Karnes, Texas",0.72005999,1.19546
48,0.39391732,0.56723219,48257,"Kaufman, Texas",0.78201997,1.2806799
48,0.47303209,0.60703671,48259,"Kendall, Texas",1.02351,1.51802
48,0.41304678,0.6041314,48265,"Kerr, Texas",0.79914999,1.34202
48,0.38525343,0.5714758,48267,"Kimble, Texas",0.80001998,1.2575901
48,0.43010029,0.58113444,48271,"Kinney, Texas",,
48,0.44121334,0.59214473,48273,"Kleberg, Texas",0.73377001,1.1609499
48,0.4526116,0.64993441,48275,"Knox, Texas",0.77196997,1.21299
48,0.38877261,0.57217479,48277,"Lamar, Texas",0.71825999,1.19977
48,0.4184708,0.61724043,48279,"Lamb, Texas",0.65913999,1.22631
48,0.42475972,0.57014728,48281,"Lampasas, Texas",0.85227001,1.2486
48,0.42044938,0.59116828,48283,"La Salle, Texas",0.58717,0.95890999
48,0.51137054,0.72428036,48285,"Lavaca, Texas",0.81727999,1.35386
48,0.44259998,0.64812303,48287,"Lee, Texas",0.82529998,1.31853
48,0.46870422,0.63871902,48289,"Leon, Texas",0.79465997,1.24901
48,0.43195239,0.58623266,48291,"Liberty, Texas",0.70385998,1.19175
48,0.3974745,0.61191207,48293,"Limestone, Texas",0.65666002,1.1071301
48,0.56081539,0.67326522,48295,"Lipscomb, Texas",0.80715001,1.2372299
48,0.47196448,0.61559105,48297,"Live Oak, Texas",0.80335999,1.23239
48,0.43429258,0.58489352,48299,"Llano, Texas",0.80267,1.33702
48,0.39573172,0.59896845,48303,"Lubbock, Texas",0.76855999,1.41221
48,0.39801472,0.57172865,48305,"Lynn, Texas",0.85031998,1.4307899
48,0.45341477,0.58924776,48307,"McCulloch, Texas",0.69806999,1.24954
48,0.37387672,0.59208363,48309,"McLennan, Texas",0.68001002,1.34138
48,0.40198398,0.8954832,48311,"McMullen, Texas",,
48,0.40095058,0.55679548,48313,"Madison, Texas",0.69716001,1.19813
48,0.39820769,0.52472854,48315,"Marion, Texas",0.76415002,1.1448801
48,0.50581974,0.63902402,48317,"Martin, Texas",0.87796998,1.3164901
48,0.52247471,0.62132233,48319,"Mason, Texas",0.88789999,1.39531
48,0.44488379,0.5995183,48321,"Matagorda, Texas",0.71632999,1.21623
48,0.45269269,0.62952584,48323,"Maverick, Texas",0.68305999,1.00615
48,0.42984411,0.61297214,48325,"Medina, Texas",0.78584999,1.26905
48,0.38886821,0.74499947,48327,"Menard, Texas",0.64155,1.11792
48,0.48224217,0.64959067,48329,"Midland, Texas",0.84231001,1.29796
48,0.43101338,0.62021804,48331,"Milam, Texas",0.72762001,1.2451
48,0.5088861,0.63543314,48333,"Mills, Texas",0.85066998,1.2742701
48,0.46863002,0.68654054,48335,"Mitchell, Texas",0.79342997,1.21534
48,0.48217112,0.62806588,48337,"Montague, Texas",0.84710002,1.25099
48,0.4421981,0.59947079,48339,"Montgomery, Texas",0.84201998,1.44293
48,0.44145736,0.6212855,48341,"Moore, Texas",0.62011999,1.09637
48,0.4003447,0.59916437,48343,"Morris, Texas",0.66114998,1.11295
48,0.39081571,0.60407126,48347,"Nacogdoches, Texas",0.70853001,1.30844
48,0.39063919,0.6119386,48349,"Navarro, Texas",0.67293,1.17713
48,0.39614344,0.60184342,48351,"Newton, Texas",0.79048997,1.1205
48,0.42455965,0.61532432,48353,"Nolan, Texas",0.71263999,1.19621
48,0.41893426,0.58253008,48355,"Nueces, Texas",0.72533,1.2277
48,0.51969689,0.68768078,48357,"Ochiltree, Texas",0.66895002,1.19941
48,0.46796575,0.66482544,48359,"Oldham, Texas",1.1142499,1.42941
48,0.43300965,0.60291046,48361,"Orange, Texas",0.83389997,1.27315
48,0.41776469,0.59362674,48363,"Palo Pinto, Texas",0.75871998,1.2218699
48,0.44320121,0.64724851,48365,"Panola, Texas",0.78579998,1.22522
48,0.44140595,0.59418166,48367,"Parker, Texas",0.97498,1.45992
48,0.44634131,0.66023999,48369,"Parmer, Texas",0.61421001,1.08205
48,0.50219679,0.61185443,48371,"Pecos, Texas",0.81389999,1.1469899
48,0.41557303,0.59680188,48373,"Polk, Texas",0.72953999,1.1436599
48,0.38451529,0.57179093,48375,"Potter, Texas",0.69432998,1.27558
48,0.46223339,0.65789717,48377,"Presidio, Texas",0.8477,1.2995
48,0.41488081,0.60745829,48379,"Rains, Texas",0.79636002,1.1898299
48,0.45808455,0.61106211,48381,"Randall, Texas",0.85433,1.33619
48,0.52718776,0.70179695,48383,"Reagan, Texas",0.74109,1.11824
48,0.4328301,0.51683265,48385,"Real, Texas",0.87980002,1.30898
48,0.4044407,0.61611909,48387,"Red River, Texas",0.70543998,1.09067
48,0.49530956,0.60764545,48389,"Reeves, Texas",0.72328001,1.0565
48,0.45862758,0.64835024,48391,"Refugio, Texas",0.73110998,1.16887
48,0.39409891,0.58054429,48395,"Robertson, Texas",0.71644998,1.2418
48,0.45091552,0.59875274,48397,"Rockwall, Texas",0.94744998,1.4408799
48,0.43726292,0.65655088,48399,"Runnels, Texas",0.76265001,1.24187
48,0.42364955,0.60856634,48401,"Rusk, Texas",0.72330999,1.18269
48,0.47390556,0.56778044,48403,"Sabine, Texas",0.78754997,1.0898401
48,0.38396072,0.64960134,48405,"San Augustine, Texas",0.64100999,1.02154
48,0.41709203,0.56087959,48407,"San Jacinto, Texas",0.75695002,1.19366
48,0.44429055,0.60510314,48409,"San Patricio, Texas",0.74300998,1.1768
48,0.43184859,0.6466369,48411,"San Saba, Texas",0.73303002,1.2345099
48,0.49143574,0.72769982,48413,"Schleicher, Texas",0.78022999,1.24166
48,0.46248981,0.6412673,48415,"Scurry, Texas",0.78162003,1.2364399
48,0.43966123,0.66125536,48417,"Shackelford, Texas",0.88690001,1.30373
48,0.41976452,0.63340193,48419,"Shelby, Texas",0.63335001,1.12015
48,0.52187091,0.6550256,48421,"Sherman, Texas",0.71311998,1.27142
48,0.40057874,0.5843237,48423,"Smith, Texas",0.75515002,1.33792
48,0.4950605,0.63024849,48425,"Somervell, Texas",0.95037001,1.42168
48,0.4592663,0.5900262,48427,"Starr, Texas",0.50836003,0.78180999
48,0.43010625,0.59182614,48429,"Stephens, Texas",0.76441002,1.18677
48,0.44092748,0.79037917,48431,"Sterling, Texas",0.95087999,1.473
48,0.49008301,0.7912485,48433,"Stonewall, Texas",,
48,0.4879806,0.67956007,48435,"Sutton, Texas",0.77819997,1.23947
48,0.42682654,0.61168128,48437,"Swisher, Texas",0.66207999,1.18031
48,0.39986667,0.57534218,48439,"Tarrant, Texas",0.75234997,1.38388
48,0.42067429,0.60845107,48441,"Taylor, Texas",0.80875999,1.35664
48,0.4159402,0.62513053,48445,"Terry, Texas",0.63616002,1.13165
48,0.520024,0.66976058,48447,"Throckmorton, Texas",,
48,0.38507792,0.59104025,48449,"Titus, Texas",0.61958998,1.1056
48,0.41553217,0.58868819,48451,"Tom Green, Texas",0.78692001,1.30988
48,0.39073342,0.56518507,48453,"Travis, Texas",0.81379002,1.58201
48,0.40777615,0.5864116,48455,"Trinity, Texas",0.75336999,1.1792001
48,0.44028082,0.57761973,48457,"Tyler, Texas",0.84077001,1.1983401
48,0.43058187,0.58992898,48459,"Upshur, Texas",0.81557,1.22881
48,0.58243614,0.73429251,48461,"Upton, Texas",0.88827997,1.24902
48,0.42372495,0.60663337,48463,"Uvalde, Texas",0.61726999,1.1187299
48,0.45489299,0.57816511,48465,"Val Verde, Texas",0.77535999,1.18831
48,0.43018118,0.58912742,48467,"Van Zandt, Texas",0.86023998,1.28002
48,0.42922232,0.60183609,48469,"Victoria, Texas",0.76161999,1.25668
48,0.40679318,0.59677809,48471,"Walker, Texas",0.82393003,1.33485
48,0.42171067,0.59066635,48473,"Waller, Texas",0.72937,1.3364
48,0.5208708,0.66402084,48475,"Ward, Texas",0.80839998,1.21479
48,0.42181206,0.64112544,48477,"Washington, Texas",0.82129002,1.40527
48,0.41624326,0.57383549,48479,"Webb, Texas",0.58604997,1.05173
48,0.40717557,0.64100659,48481,"Wharton, Texas",0.71438003,1.27703
48,0.49311015,0.72416008,48483,"Wheeler, Texas",0.83652002,1.24793
48,0.41278672,0.59305191,48485,"Wichita, Texas",0.78311002,1.29609
48,0.39849624,0.60932577,48487,"Wilbarger, Texas",0.68305999,1.1381201
48,0.41823342,0.59769148,48489,"Willacy, Texas",0.44778001,0.80478001
48,0.44164768,0.58806849,48491,"Williamson, Texas",0.99892998,1.48577
48,0.44670323,0.61587602,48493,"Wilson, Texas",0.84755999,1.3168
48,0.52421725,0.66499627,48495,"Winkler, Texas",0.69106001,1.08802
48,0.46766007,0.60034806,48497,"Wise, Texas",0.91407001,1.3893
48,0.43994939,0.59465456,48499,"Wood, Texas",0.83902001,1.2385
48,0.51737344,0.65404356,48501,"Yoakum, Texas",0.71538001,1.17163
48,0.46433187,0.652547,48503,"Young, Texas",0.78574997,1.29012
48,0.47575295,0.65015525,48505,"Zapata, Texas",0.49759999,0.80663002
48,0.43483034,0.57516801,48507,"Zavala, Texas",0.48462999,0.79391998
49,0.49807596137931,0.622225434482759,49000,"State average, Utah",1.02116481333333,1.4181899962963
49,0.52820009,0.64735031,49001,"Beaver, Utah",0.91952002,1.2836
49,0.47520891,0.61037296,49003,"Box Elder, Utah",1.0478801,1.38819
49,0.49140003,0.60869533,49005,"Cache, Utah",1.12169,1.49889
49,0.44646707,0.6036405,49007,"Carbon, Utah",0.87629998,1.2645
49,0.47970551,0.74278802,49009,"Daggett, Utah",,
49,0.47799587,0.60812509,49011,"Davis, Utah",1.13732,1.52394
49,0.52213639,0.66632223,49013,"Duchesne, Utah",0.93799001,1.3448499
49,0.49079612,0.62620103,49015,"Emery, Utah",0.94695997,1.28678
49,0.58106065,0.66163528,49017,"Garfield, Utah",1.00475,1.3419501
49,0.46442679,0.5969224,49019,"Grand, Utah",0.92185003,1.43964
49,0.45985511,0.6032306,49021,"Iron, Utah",1.0498199,1.40608
49,0.47875315,0.62249917,49023,"Juab, Utah",1.103,1.42747
49,0.47130415,0.60295194,49025,"Kane, Utah",1.06046,1.39378
49,0.53519493,0.63555938,49027,"Millard, Utah",0.92627001,1.3671401
49,0.5412398,0.64497936,49029,"Morgan, Utah",1.29125,1.56366
49,0.59049457,0.63943374,49031,"Piute, Utah",,
49,0.5400449,0.66634458,49033,"Rich, Utah",1.15372,1.42345
49,0.45413134,0.59559923,49035,"Salt Lake, Utah",0.96394998,1.50339
49,0.47108415,0.58594322,49037,"San Juan, Utah",0.74239999,1.33543
49,0.47790322,0.62430215,49039,"Sanpete, Utah",1.02299,1.39039
49,0.48767856,0.61878979,49041,"Sevier, Utah",0.98273998,1.3238699
49,0.56058908,0.61893225,49043,"Summit, Utah",1.0624,1.63195
49,0.44071734,0.57368189,49045,"Tooele, Utah",1.0494,1.38816
49,0.53525269,0.66118073,49047,"Uintah, Utah",0.96320999,1.3599499
49,0.48925093,0.60052735,49049,"Utah, Utah",1.21981,1.59293
49,0.5232498,0.606233,49051,"Wasatch, Utah",1.05335,1.56761
49,0.46801808,0.5825274,49053,"Washington, Utah",1.04377,1.4556299
49,0.52390552,0.5982911,49055,"Wayne, Utah",1.00697,1.37178
49,0.43813813,0.59147757,49057,"Weber, Utah",0.96168,1.4161201
50,0.439578842142857,0.586038573571429,50000,"State average, Vermont",0.945382147857143,1.40599572142857
50,0.44529819,0.58923215,50001,"Addison, Vermont",1.03784,1.4681
50,0.43400648,0.57361418,50003,"Bennington, Vermont",0.80440003,1.35246
50,0.44201702,0.58761001,50005,"Caledonia, Vermont",0.87686998,1.33105
50,0.42985603,0.60045838,50007,"Chittenden, Vermont",1.10281,1.59051
50,0.41684607,0.57094842,50009,"Essex, Vermont",0.90438002,1.26938
50,0.45016715,0.58656991,50011,"Franklin, Vermont",0.94081998,1.36788
50,0.44355068,0.57716012,50013,"Grand Isle, Vermont",1.00116,1.4491
50,0.4362404,0.57610846,50015,"Lamoille, Vermont",0.97904003,1.47648
50,0.43335241,0.57736164,50017,"Orange, Vermont",0.91381001,1.35427
50,0.44846994,0.59971744,50019,"Orleans, Vermont",0.81247997,1.25919
50,0.44143957,0.60070968,50021,"Rutland, Vermont",0.90890002,1.37309
50,0.46262053,0.59572822,50023,"Washington, Vermont",0.99014002,1.47817
50,0.42705536,0.56738609,50025,"Windham, Vermont",0.97283,1.44003
50,0.44318396,0.60193533,50027,"Windsor, Vermont",0.98987001,1.4742301
51,0.395850880827068,0.57529793593985,51000,"State average, Virginia",0.824223837678571,1.25480053678571
51,0.39668337,0.56803888,51001,"Accomack, Virginia",0.60536999,1.11019
51,0.42378911,0.58379889,51003,"Albemarle, Virginia",0.95630997,1.58977
51,0.39861944,0.59861374,51005,"Alleghany, Virginia",0.71134001,1.08854
51,0.38895157,0.54243785,51007,"Amelia, Virginia",0.86866999,1.23142
51,0.40852979,0.58445853,51009,"Amherst, Virginia",0.74804997,1.23753
51,0.38499621,0.59635741,51011,"Appomattox, Virginia",0.7683,1.18874
51,0.46281385,0.59880149,51013,"Arlington, Virginia",1.27232,1.64351
51,0.42428565,0.56639171,51015,"Augusta, Virginia",0.84091997,1.31654
51,0.46435922,0.61782587,51017,"Bath, Virginia",0.81326002,1.1888601
51,0.39864248,0.59194022,51019,"Bedford County, Virginia",0.83568001,1.33331
51,0.44452465,0.55528295,51021,"Bland, Virginia",0.81533998,1.0935
51,0.43311757,0.57433528,51023,"Botetourt, Virginia",0.89207,1.31652
51,0.36184171,0.57266653,51025,"Brunswick, Virginia",0.62915999,1.0484
51,0.4691408,0.62345028,51027,"Buchanan, Virginia",0.59603,0.93919998
51,0.36150408,0.58020335,51029,"Buckingham, Virginia",0.70270997,1.12684
51,0.40702936,0.58957607,51031,"Campbell, Virginia",0.73935997,1.21881
51,0.37686071,0.53815687,51033,"Caroline, Virginia",0.89245999,1.25831
51,0.38452122,0.57827139,51035,"Carroll, Virginia",0.63270998,0.98549998
51,0.38371271,0.53707671,51036,"Charles City, Virginia",0.79977,1.17414
51,0.38205841,0.56967109,51037,"Charlotte, Virginia",0.70819002,1.1426899
51,0.40921095,0.5796681,51041,"Chesterfield, Virginia",0.83429998,1.3921
51,0.4364804,0.5859682,51043,"Clarke, Virginia",1.09168,1.4942
51,0.36933729,0.58960068,51045,"Craig, Virginia",0.84161001,1.17615
51,0.38800779,0.55738789,51047,"Culpeper, Virginia",0.89826,1.3231601
51,0.35641685,0.54128361,51049,"Cumberland, Virginia",0.81217998,1.14878
51,0.4218004,0.58829522,51051,"Dickenson, Virginia",0.59495002,0.88582999
51,0.36218694,0.54830784,51053,"Dinwiddie, Virginia",0.91285998,1.27644
51,0.40704662,0.56304353,51057,"Essex, Virginia",0.70363998,1.1403
51,0.51112968,0.6361708,51059,"Fairfax County, Virginia",1.18538,1.55942
51,0.41864818,0.58331412,51061,"Fauquier, Virginia",1.0944901,1.48708
51,0.42835999,0.57756501,51063,"Floyd, Virginia",0.88106,1.2485501
51,0.38828513,0.5686056,51065,"Fluvanna, Virginia",0.93138999,1.3889101
51,0.39638251,0.55712277,51067,"Franklin County, Virginia",0.72048002,1.1793
51,0.41383007,0.58345348,51069,"Frederick, Virginia",0.93985999,1.3649499
51,0.3937988,0.57977772,51071,"Giles, Virginia",0.79152,1.1732
51,0.40517917,0.57589096,51073,"Gloucester, Virginia",0.89819002,1.27747
51,0.38416347,0.58017331,51075,"Goochland, Virginia",0.95920998,1.45184
51,0.38430697,0.59309506,51077,"Grayson, Virginia",0.64275998,1.05498
51,0.38141575,0.56054389,51079,"Greene, Virginia",0.89335001,1.3642401
51,0.34149846,0.59822196,51081,"Greensville, Virginia",0.58453,0.92456001
51,0.364398,0.57758623,51083,"Halifax, Virginia",0.65188003,1.04791
51,0.43410647,0.59402329,51085,"Hanover, Virginia",1.01144,1.45736
51,0.38742572,0.57141954,51087,"Henrico, Virginia",0.90784001,1.50727
51,0.36869702,0.56299394,51089,"Henry, Virginia",0.53038001,0.99396998
51,0.45947635,0.5945254,51091,"Highland, Virginia",,
51,0.37956876,0.5688355,51093,"Isle of Wight, Virginia",0.92602003,1.3391
51,0.38955265,0.59101403,51095,"James City, Virginia",0.91961998,1.4490401
51,0.40510106,0.60754782,51097,"King and Queen, Virginia",0.80549002,1.1512901
51,0.38729626,0.582371,51099,"King George, Virginia",0.99470001,1.32708
51,0.39119008,0.56959206,51101,"King William, Virginia",0.94582999,1.30349
51,0.396009,0.57684731,51103,"Lancaster, Virginia",0.72868001,1.25149
51,0.37982893,0.61657888,51105,"Lee, Virginia",0.56015003,0.89814001
51,0.49527624,0.62049395,51107,"Loudoun, Virginia",1.21831,1.57473
51,0.37311447,0.55656832,51109,"Louisa, Virginia",0.88902998,1.32917
51,0.3698197,0.61526334,51111,"Lunenburg, Virginia",0.62655002,1.1265301
51,0.40125242,0.5863232,51113,"Madison, Virginia",0.97447997,1.35138
51,0.42852098,0.5769127,51115,"Mathews, Virginia",0.92199999,1.30018
51,0.35999188,0.59154266,51117,"Mecklenburg, Virginia",0.66047001,1.13519
51,0.41379911,0.58621234,51119,"Middlesex, Virginia",0.85513002,1.30746
51,0.40227202,0.58761847,51121,"Montgomery, Virginia",0.97715002,1.45546
51,0.40518695,0.56133348,51125,"Nelson, Virginia",0.82766002,1.33841
51,0.44059747,0.56039685,51127,"New Kent, Virginia",1.01447,1.38964
51,0.36284214,0.57297087,51131,"Northampton, Virginia",0.59029001,1.23962
51,0.41456681,0.58184093,51133,"Northumberland, Virginia",0.73800999,1.21807
51,0.36071733,0.57137316,51135,"Nottoway, Virginia",0.65688998,1.11479
51,0.3993834,0.55662096,51137,"Orange, Virginia",0.97021002,1.34131
51,0.40231007,0.55514967,51139,"Page, Virginia",0.75493997,1.15311
51,0.40190187,0.62657267,51141,"Patrick, Virginia",0.62647003,1.07364
51,0.37591249,0.57617944,51143,"Pittsylvania, Virginia",0.61970001,1.04361
51,0.41520038,0.56846702,51145,"Powhatan, Virginia",1.08288,1.45706
51,0.36162248,0.57140249,51147,"Prince Edward, Virginia",0.72586,1.21691
51,0.39288318,0.55775732,51149,"Prince George, Virginia",0.71406001,1.07249
51,0.43390542,0.58735698,51153,"Prince William, Virginia",1.0034699,1.36271
51,0.35317874,0.56289059,51155,"Pulaski, Virginia",0.71180999,1.14331
51,0.47069612,0.56508875,51157,"Rappahannock, Virginia",1.1182899,1.4833699
51,0.39217684,0.62497157,51159,"Richmond County, Virginia",0.73539001,1.14249
51,0.4217622,0.5887168,51161,"Roanoke County, Virginia",0.84574997,1.33822
51,0.40741509,0.5734086,51163,"Rockbridge, Virginia",0.78819001,1.38319
51,0.42741969,0.59058326,51165,"Rockingham, Virginia",0.82757998,1.30565
51,0.42082796,0.58622921,51167,"Russell, Virginia",0.63954997,0.98497999
51,0.39151242,0.59034669,51169,"Scott, Virginia",0.65649003,1.00314
51,0.43203691,0.59133106,51171,"Shenandoah, Virginia",0.89308,1.28126
51,0.37587297,0.55611318,51173,"Smyth, Virginia",0.60777998,1.03136
51,0.38308978,0.56363046,51175,"Southampton, Virginia",0.72742999,1.14973
51,0.40408307,0.57055086,51177,"Spotsylvania, Virginia",0.99290001,1.3365
51,0.4260841,0.58443016,51179,"Stafford, Virginia",1.09514,1.34138
51,0.38775831,0.5470143,51181,"Surry, Virginia",0.87603998,1.21772
51,0.36032462,0.59201646,51183,"Sussex, Virginia",0.71425998,1.13069
51,0.41694725,0.59235018,51185,"Tazewell, Virginia",0.69266999,1.03897
51,0.41777122,0.561813,51187,"Warren, Virginia",0.95218003,1.33926
51,0.38098025,0.54756045,51191,"Washington, Virginia",0.71915001,1.18209
51,0.38238847,0.54950422,51193,"Westmoreland, Virginia",0.84639001,1.2144001
51,0.38816714,0.554331,51195,"Wise, Virginia",0.61698002,0.98883998
51,0.39861265,0.58089447,51197,"Wythe, Virginia",0.70653999,1.09468
51,0.42852077,0.59725261,51199,"York, Virginia",1.0395401,1.43894
51,0.43009669,0.58276719,51510,"Alexandria, Virginia",1.1665699,1.53888
51,0.37831053,0.56978482,51520,"Bristol, Virginia",0.65881002,1.15018
51,0.38100606,0.55914086,51550,"Chesapeake, Virginia",0.86219001,1.32347
51,0.37464082,0.55530006,51630,"Fredericksburg, Virginia",0.95475,1.40482
51,0.37049267,0.54091865,51650,"Hampton, Virginia",0.77201003,1.20275
51,0.40140036,0.58596635,51660,"Harrisonburg, Virginia",0.75871998,1.4397399
51,0.35788783,0.57410657,51680,"Lynchburg, Virginia",0.81634003,1.3969899
51,0.43691581,0.60157192,51683,"Manassas, Virginia",0.87203997,1.2758
51,0.36231923,0.56089354,51700,"Newport News, Virginia",0.72425002,1.22269
51,0.34708124,0.53878701,51710,"Norfolk, Virginia",0.74779999,1.31133
51,0.462311,0.61157233,51735,"Poquoson, Virginia",1.08648,1.42774
51,0.34396493,0.52067286,51740,"Portsmouth, Virginia",0.68109,1.1569099
51,0.36301178,0.58839357,51750,"Radford, Virginia",0.94036001,1.38402
51,0.3109512,0.51362753,51760,"Richmond City, Virginia",0.71754998,1.5093
51,0.33756897,0.53050101,51770,"Roanoke City, Virginia",0.66887999,1.36964
51,0.3524369,0.56023824,51800,"Suffolk, Virginia",0.76181,1.2277
51,0.40409806,0.5715028,51810,"Virginia Beach, Virginia",0.97580999,1.35864
51,0.40239111,0.58820331,51840,"Winchester, Virginia",0.87470001,1.3954999
53,0.437911595641026,0.587334844871795,53000,"State average, Washington",0.868723077948718,1.30295204615385
53,0.45146132,0.65329146,53001,"Adams, Washington",0.57655001,1.1692899
53,0.41148183,0.58113104,53003,"Asotin, Washington",0.77544999,1.17826
53,0.43548444,0.5823853,53005,"Benton, Washington",0.84521002,1.35613
53,0.43931967,0.59607637,53007,"Chelan, Washington",0.78862,1.38951
53,0.41539603,0.5583843,53009,"Clallam, Washington",0.81461,1.25852
53,0.42882645,0.56470799,53011,"Clark, Washington",0.95416999,1.36939
53,0.43658987,0.63000083,53013,"Columbia, Washington",0.89323002,1.2292399
53,0.395531,0.56382751,53015,"Cowlitz, Washington",0.80116999,1.21603
53,0.43682402,0.59987932,53017,"Douglas, Washington",0.72619998,1.2769001
53,0.43534043,0.60183597,53019,"Ferry, Washington",0.75190002,1.14675
53,0.42117432,0.58980441,53021,"Franklin, Washington",0.63029999,1.1882499
53,0.48261648,0.63997197,53023,"Garfield, Washington",0.89845997,1.26243
53,0.42928672,0.60211831,53025,"Grant, Washington",0.66772997,1.20428
53,0.41536888,0.57795626,53027,"Grays Harbor, Washington",0.71723998,1.13192
53,0.4472104,0.57287747,53029,"Island, Washington",1.10506,1.40894
53,0.438905,0.56187296,53031,"Jefferson, Washington",0.98638999,1.42617
53,0.45312586,0.5895406,53033,"King, Washington",1.05981,1.59407
53,0.42488608,0.56656265,53035,"Kitsap, Washington",1.0187,1.40754
53,0.49629563,0.61589015,53037,"Kittitas, Washington",1.06787,1.44858
53,0.4329097,0.57761079,53039,"Klickitat, Washington",0.84938002,1.34231
53,0.42201695,0.57991165,53041,"Lewis, Washington",0.79364997,1.17221
53,0.52511251,0.66460961,53043,"Lincoln, Washington",0.96564001,1.2923599
53,0.39598638,0.54963762,53045,"Mason, Washington",0.79365999,1.22101
53,0.44186184,0.58384645,53047,"Okanogan, Washington",0.67690003,1.23982
53,0.43783805,0.59913629,53049,"Pacific, Washington",0.79742002,1.2280101
53,0.45692343,0.60105574,53051,"Pend Oreille, Washington",0.77293003,1.15622
53,0.41604432,0.56726128,53053,"Pierce, Washington",0.96635002,1.38715
53,0.4566128,0.55484635,53055,"San Juan, Washington",1.10831,1.47558
53,0.43779993,0.57761657,53057,"Skagit, Washington",0.89818001,1.36639
53,0.41948113,0.5658223,53059,"Skamania, Washington",0.87009001,1.29714
53,0.45004418,0.57871252,53061,"Snohomish, Washington",1.1969,1.45575
53,0.42490393,0.57989335,53063,"Spokane, Washington",0.87164003,1.33597
53,0.44440252,0.58875519,53065,"Stevens, Washington",0.79434001,1.21653
53,0.4247748,0.56863052,53067,"Thurston, Washington",0.95962,1.35339
53,0.44333866,0.54860765,53069,"Wahkiakum, Washington",0.92339998,1.18859
53,0.42130429,0.57187831,53071,"Walla Walla, Washington",0.79860997,1.33851
53,0.44325513,0.58812624,53073,"Whatcom, Washington",1.02012,1.47223
53,0.48012689,0.62527341,53075,"Whitman, Washington",1.14211,1.46156
53,0.40869036,0.58671224,53077,"Yakima, Washington",0.60228002,1.1522
54,0.416717778181818,0.591582807090909,54000,"State average, West Virginia",0.783732722,1.09687346327273
54,0.45548418,0.5890103,54001,"Barbour, West Virginia",0.75783998,1.0713201
54,0.38061044,0.56142676,54003,"Berkeley, West Virginia",0.91837001,1.27816
54,0.39686668,0.54065013,54005,"Boone, West Virginia",0.73480999,1.04116
54,0.43297413,0.63712436,54007,"Braxton, West Virginia",0.73951,1.02985
54,0.40250942,0.59397513,54009,"Brooke, West Virginia",0.85009998,1.15438
54,0.36893839,0.56104243,54011,"Cabell, West Virginia",0.78292,1.2278399
54,0.4745855,0.6466679,54013,"Calhoun, West Virginia",0.72855002,1.0101399
54,0.42534333,0.56533426,54015,"Clay, West Virginia",0.69367999,0.98189998
54,0.43227404,0.63006449,54017,"Doddridge, West Virginia",0.80581999,1.0989701
54,0.41605961,0.5802933,54019,"Fayette, West Virginia",0.71179998,1.07321
54,0.43647057,0.62482965,54021,"Gilmer, West Virginia",0.78750002,1.10118
54,0.39847219,0.61497849,54023,"Grant, West Virginia",0.82637,1.06666
54,0.40947682,0.59049231,54025,"Greenbrier, West Virginia",0.72649997,1.15189
54,0.40226078,0.60803962,54027,"Hampshire, West Virginia",0.80567002,1.07969
54,0.39672202,0.59594518,54029,"Hancock, West Virginia",0.81032997,1.1519001
54,0.41217995,0.56378883,54031,"Hardy, West Virginia",0.78469002,1.10789
54,0.42397833,0.61494529,54033,"Harrison, West Virginia",0.83278,1.25328
54,0.39311758,0.59536076,54035,"Jackson, West Virginia",0.81516999,1.11018
54,0.38936555,0.55702174,54037,"Jefferson, West Virginia",1.02248,1.40492
54,0.38050783,0.56158668,54039,"Kanawha, West Virginia",0.78057998,1.21366
54,0.42955923,0.61154234,54041,"Lewis, West Virginia",0.76216,1.10007
54,0.41134503,0.55319995,54043,"Lincoln, West Virginia",0.68465,0.96934003
54,0.39443293,0.54596663,54045,"Logan, West Virginia",0.76949,0.98092002
54,0.37073523,0.5179224,54047,"McDowell, West Virginia",0.61795002,0.73491001
54,0.42948195,0.61036378,54049,"Marion, West Virginia",0.85907,1.26003
54,0.45522022,0.62748712,54051,"Marshall, West Virginia",0.81603998,1.09745
54,0.39196849,0.56672525,54053,"Mason, West Virginia",0.75542998,1.0257
54,0.381374,0.57172298,54055,"Mercer, West Virginia",0.69611001,0.99324
54,0.41707379,0.60266531,54057,"Mineral, West Virginia",0.78760999,1.03922
54,0.40481827,0.57228655,54059,"Mingo, West Virginia",0.72046,0.91632003
54,0.43176028,0.60634679,54061,"Monongalia, West Virginia",1.04337,1.40134
54,0.43971238,0.57803136,54063,"Monroe, West Virginia",0.73977,0.98514003
54,0.40254909,0.56612325,54065,"Morgan, West Virginia",0.94422001,1.19163
54,0.42141983,0.58449608,54067,"Nicholas, West Virginia",0.72352999,1.0367301
54,0.42190182,0.61403048,54069,"Ohio, West Virginia",0.84407997,1.2678601
54,0.43508109,0.62939125,54071,"Pendleton, West Virginia",0.81923002,1.16028
54,0.48239341,0.61506855,54073,"Pleasants, West Virginia",0.81949002,1.07197
54,0.41511455,0.54866725,54075,"Pocahontas, West Virginia",0.72144997,1.11146
54,0.44848606,0.64608777,54077,"Preston, West Virginia",0.80150998,1.13463
54,0.41490504,0.56834412,54079,"Putnam, West Virginia",0.90502,1.28315
54,0.40020555,0.57317847,54081,"Raleigh, West Virginia",0.77016997,1.07532
54,0.40600058,0.58503038,54083,"Randolph, West Virginia",0.72000998,1.10569
54,0.41655013,0.64293563,54085,"Ritchie, West Virginia",0.78837001,1.08108
54,0.41699594,0.59835023,54087,"Roane, West Virginia",0.73936999,1.00378
54,0.39783511,0.57817698,54089,"Summers, West Virginia",0.74229002,1.03333
54,0.41157141,0.620489,54091,"Taylor, West Virginia",0.82805997,1.17626
54,0.45519081,0.6775316,54093,"Tucker, West Virginia",0.85754001,1.18107
54,0.44316429,0.6173411,54095,"Tyler, West Virginia",0.77591002,1.02634
54,0.44054127,0.62099642,54097,"Upshur, West Virginia",0.73927999,1.13117
54,0.39207786,0.57184178,54099,"Wayne, West Virginia",0.73597997,1.01361
54,0.43224537,0.63253981,54101,"Webster, West Virginia",0.64393002,0.93791997
54,0.43513608,0.58649379,54103,"Wetzel, West Virginia",0.75822997,1.05212
54,0.42748761,0.55851781,54105,"Wirt, West Virginia",0.76740998,1.0621001
54,0.39263654,0.57743293,54107,"Wood, West Virginia",0.76836997,1.15706
54,0.42430922,0.52715164,54109,"Wyoming, West Virginia",0.72426999,0.92162001
55,0.460549809027778,0.615056900555556,55000,"State average, Wisconsin",0.963143056527778,1.38532944541667
55,0.40926808,0.57162207,55001,"Adams, Wisconsin",0.86633003,1.29418
55,0.4398492,0.60766822,55003,"Ashland, Wisconsin",0.85315001,1.32245
55,0.47642335,0.63146323,55005,"Barron, Wisconsin",0.94326001,1.33832
55,0.45997739,0.58599937,55007,"Bayfield, Wisconsin",0.94802999,1.3661
55,0.44847515,0.62100428,55009,"Brown, Wisconsin",0.89327002,1.45356
55,0.51301509,0.65303147,55011,"Buffalo, Wisconsin",1.10782,1.44524
55,0.45561081,0.59629822,55013,"Burnett, Wisconsin",0.95499003,1.33202
55,0.49285743,0.64354724,55015,"Calumet, Wisconsin",1.02194,1.43909
55,0.48345125,0.62507302,55017,"Chippewa, Wisconsin",1.0607001,1.4406199
55,0.49571508,0.64610463,55019,"Clark, Wisconsin",0.85109001,1.31407
55,0.45611382,0.60447925,55021,"Columbia, Wisconsin",1.04537,1.43102
55,0.46712586,0.63318557,55023,"Crawford, Wisconsin",1.0035599,1.35223
55,0.43010265,0.60243165,55025,"Dane, Wisconsin",1.06365,1.59251
55,0.45906836,0.61786979,55027,"Dodge, Wisconsin",1.00436,1.39921
55,0.50136667,0.61445975,55029,"Door, Wisconsin",1.03837,1.4499
55,0.43560475,0.61178243,55031,"Douglas, Wisconsin",0.95842999,1.38466
55,0.47370669,0.63056833,55033,"Dunn, Wisconsin",1.06998,1.4317501
55,0.44859952,0.60778469,55035,"Eau Claire, Wisconsin",1.08832,1.49181
55,0.45735937,0.62043881,55037,"Florence, Wisconsin",0.87450999,1.29004
55,0.4605431,0.63549519,55039,"Fond du Lac, Wisconsin",0.95112997,1.41008
55,0.45994213,0.61825055,55041,"Forest, Wisconsin",0.77784997,1.18646
55,0.51518267,0.65142936,55043,"Grant, Wisconsin",1.0685199,1.44621
55,0.47452295,0.62539548,55045,"Green, Wisconsin",0.97666001,1.4116499
55,0.46286643,0.64237845,55047,"Green Lake, Wisconsin",0.95270002,1.36133
55,0.50928736,0.63960707,55049,"Iowa, Wisconsin",1.10043,1.4831001
55,0.42444006,0.59856993,55051,"Iron, Wisconsin",0.87535,1.2321
55,0.44170102,0.60922635,55053,"Jackson, Wisconsin",0.86918002,1.3126
55,0.46513158,0.61025816,55055,"Jefferson, Wisconsin",0.99965,1.4572901
55,0.44895756,0.59935981,55057,"Juneau, Wisconsin",0.92733997,1.29547
55,0.38593858,0.5676831,55059,"Kenosha, Wisconsin",0.86063999,1.38832
55,0.48333654,0.64842105,55061,"Kewaunee, Wisconsin",1.0058,1.39388
55,0.4561184,0.61454916,55063,"La Crosse, Wisconsin",1.0507801,1.48939
55,0.51928043,0.66389042,55065,"Lafayette, Wisconsin",0.96307999,1.43195
55,0.43578655,0.60067302,55067,"Langlade, Wisconsin",0.87269002,1.30304
55,0.4367581,0.62886393,55069,"Lincoln, Wisconsin",0.97943002,1.3356301
55,0.46936321,0.62632185,55071,"Manitowoc, Wisconsin",0.92535001,1.38046
55,0.47811922,0.62675512,55073,"Marathon, Wisconsin",1.00313,1.42342
55,0.44831753,0.62047696,55075,"Marinette, Wisconsin",0.84467,1.22596
55,0.4425424,0.59683692,55077,"Marquette, Wisconsin",0.94354999,1.32004
55,0.27423379,0.45829681,55078,"Menominee, Wisconsin",0.42918,0.84135997
55,0.36294535,0.57346022,55079,"Milwaukee, Wisconsin",0.65169001,1.42215
55,0.44947651,0.60603809,55081,"Monroe, Wisconsin",0.82455999,1.3056
55,0.45696345,0.62086755,55083,"Oconto, Wisconsin",0.95240998,1.33093
55,0.44890639,0.60066372,55085,"Oneida, Wisconsin",0.95907003,1.37651
55,0.46785104,0.62587613,55087,"Outagamie, Wisconsin",1.05121,1.4651
55,0.48989257,0.63152128,55089,"Ozaukee, Wisconsin",1.23888,1.61861
55,0.54970735,0.65670151,55091,"Pepin, Wisconsin",1.16372,1.4612499
55,0.53239816,0.64814055,55093,"Pierce, Wisconsin",1.20155,1.53223
55,0.48797402,0.61021757,55095,"Polk, Wisconsin",1.08313,1.41422
55,0.47804737,0.6147213,55097,"Portage, Wisconsin",1.06637,1.4442101
55,0.50338387,0.61867738,55099,"Price, Wisconsin",0.96502,1.32093
55,0.39205289,0.58195287,55101,"Racine, Wisconsin",0.80355,1.3793401
55,0.47576597,0.60046357,55103,"Richland, Wisconsin",0.94902998,1.3270299
55,0.39698279,0.57952607,55105,"Rock, Wisconsin",0.84823,1.36415
55,0.47437027,0.64402509,55107,"Rusk, Wisconsin",0.9048,1.25258
55,0.4993405,0.62668729,55109,"St. Croix, Wisconsin",1.21556,1.55314
55,-0.0375933,0.62159276,55111,"Sauk, Wisconsin",0.95249999,1.39996
55,0.41182184,0.57861412,55113,"Sawyer, Wisconsin",0.75729001,1.3421299
55,0.4615739,0.6138317,55115,"Shawano, Wisconsin",0.88507003,1.31143
55,0.46229032,0.61234075,55117,"Sheboygan, Wisconsin",0.96547002,1.43141
55,0.50139439,0.64849073,55119,"Taylor, Wisconsin",0.99690998,1.34782
55,0.50556678,0.63584054,55121,"Trempealeau, Wisconsin",0.83706999,1.40264
55,0.47194624,0.64033061,55123,"Vernon, Wisconsin",1.08065,1.4157
55,0.47800592,0.60296547,55125,"Vilas, Wisconsin",0.8926,1.41204
55,0.44411889,0.58912498,55127,"Walworth, Wisconsin",0.98013002,1.4338599
55,0.44290963,0.6071381,55129,"Washburn, Wisconsin",0.94177002,1.3358901
55,0.47980195,0.62789375,55131,"Washington, Wisconsin",1.16124,1.53561
55,0.47150677,0.62247503,55133,"Waukesha, Wisconsin",1.16272,1.60008
55,0.47164854,0.60903633,55135,"Waupaca, Wisconsin",0.96855998,1.35058
55,0.43297023,0.59461755,55137,"Waushara, Wisconsin",0.86504,1.29309
55,0.43941084,0.60762221,55139,"Winnebago, Wisconsin",1.01756,1.45564
55,0.48092645,0.62509131,55141,"Wood, Wisconsin",0.97869998,1.40934
56,0.505609706956522,0.63549949826087,56000,"State average, Wyoming",0.988113045217391,1.35331826521739
56,0.47532144,0.59855348,56001,"Albany, Wyoming",1.17079,1.49988
56,0.5100556,0.62700915,56003,"Big Horn, Wyoming",0.96328002,1.30629
56,0.52075905,0.64390081,56005,"Campbell, Wyoming",0.9569,1.30892
56,0.44514847,0.61210954,56007,"Carbon, Wyoming",0.91947001,1.29282
56,0.51451492,0.66176587,56009,"Converse, Wyoming",0.97887999,1.3116699
56,0.60546488,0.68917197,56011,"Crook, Wyoming",1.10146,1.34901
56,0.47711253,0.63755226,56013,"Fremont, Wyoming",0.74199998,1.30152
56,0.50003821,0.65742302,56015,"Goshen, Wyoming",0.97428,1.2926
56,0.54999864,0.6735366,56017,"Hot Springs, Wyoming",1.01328,1.3177201
56,0.5391863,0.66718268,56019,"Johnson, Wyoming",1.07875,1.4095
56,0.4432556,0.59426403,56021,"Laramie, Wyoming",0.92404997,1.35772
56,0.54061657,0.63217229,56023,"Lincoln, Wyoming",1.0795799,1.4077801
56,0.47916022,0.63090998,56025,"Natrona, Wyoming",0.91293001,1.3356
56,0.55414099,0.58195484,56027,"Niobrara, Wyoming",0.9745,1.32611
56,0.50351298,0.61163247,56029,"Park, Wyoming",1.0431401,1.3727
56,0.51550686,0.672732,56031,"Platte, Wyoming",0.93796998,1.31013
56,0.49311802,0.61585307,56033,"Sheridan, Wyoming",0.99321002,1.3831
56,0.51982349,0.66858512,56035,"Sublette, Wyoming",1.0839601,1.38574
56,0.4862521,0.6208517,56037,"Sweetwater, Wyoming",0.96235001,1.32399
56,0.5336684,0.62343621,56039,"Teton, Wyoming",1.07623,1.63551
56,0.48714781,0.6415683,56041,"Uinta, Wyoming",0.95451999,1.3204
56,0.45380688,0.61751789,56043,"Washakie, Wyoming",0.90666997,1.29208
56,0.4814133,0.63680518,56045,"Weston, Wyoming",0.97839999,1.28553
